PC1,PC2,PC3,PC4,PC5,PC6,PC7,PC8,PC9,PC10,S&P 500,Materials,Communication Services,Energy,Financials,Industrials,Information Technology,Consumer Staples,Real Estate,Utilities,Health Care,Consumer Discretionary
0.9146336272069184,-3.812671062188635,-2.0301367355413764,-0.9201050700775781,-1.8550657217987343,-1.1038100962350246,1.1251648858241772,1.4174708709227144,-0.6519523344388024,0.03511608851401725,-0.007780117477557358,0.007964588267667994,0.0,0.031213470091935758,-0.018191552802884203,-0.00819959251683866,-0.018074622858220257,0.014630457022331678,0.02742119737972426,0.03857269635527327,-0.011253097976359427,-0.01895266543138807
6.660239931070263,-5.778943017496131,-4.3934272977124715,-2.2425062487737106,-1.862616829289496,-0.11408629103601393,0.4891032546746166,0.18922480008273637,-0.699897193031309,-0.3413777523581072,0.0,0.0,-0.019013729294983683,0.0,0.0,0.0,0.0,0.0,0.0,0.0,0.0,0.0
6.660239931070263,-5.778943017496131,-4.3934272977124715,-2.2425062487737106,-1.862616829289496,-0.11408629103601393,0.4891032546746166,0.18922480008273637,-0.699897193031309,-0.3413777523581072,0.008194945199539339,0.005011184073381525,0.0,-0.0034452293449782623,-0.0018807031366708804,0.006015332012349273,0.010647464150767894,0.009697237382490398,0.01562957413468835,0.01696216029650577,0.018009072323997177,0.003024526839219943
5.085198751181758,-4.011838629138632,-3.2837076931030986,-0.6875174235800178,-1.6484895096073193,-0.8438504078243789,0.8464674060612872,1.8151617045183221,-0.42822910140075027,0.19675854357681646,0.0,0.0,0.025035313482712596,0.0,0.0,0.0,0.0,0.0,0.0,0.0,0.0,0.0
5.085198751181758,-4.011838629138632,-3.2837076931030986,-0.6875174235800178,-1.6484895096073193,-0.8438504078243789,0.8464674060612872,1.8151617045183221,-0.42822910140075027,0.19675854357681646,0.02292145732276296,0.007737023466962922,0.0,0.008642353736139752,0.021100264502684984,0.020302984756347398,0.03388385899823132,0.006531085049171104,-0.0009054392937321021,-0.004359527874938429,0.028895376365412284,0.026498578841686937
8.742841441075738,-3.435414525141149,-3.8364428726331945,-1.093788885963821,-1.5613457829781472,-0.6559540845923272,1.0648564433624874,2.3656116865107486,-0.3743795615083907,1.1772766859494777,0.0,0.0,0.01812065601472712,0.0,0.0,0.0,0.0,0.0,0.0,0.0,0.0,0.0
8.742841441075738,-3.435414525141149,-3.8364428726331945,-1.093788885963821,-1.5613457829781472,-0.6559540845923272,1.0648564433624874,2.3656116865107486,-0.3743795615083907,1.1772766859494777,0.002254737747441782,-0.001364853172069802,0.0,-0.00935939890799864,0.015129124622598189,0.015673930806661573,-0.0012388939745523464,0.002671689353520801,-0.009664590140353924,0.0024752099791640614,-0.0035534569905348867,0.002759458124991232
5.5535868181822305,-2.3894249596206074,-2.7109201801478884,0.08108452766934579,-1.6979649222981543,-1.426821665801253,1.5757333643328597,3.2074741124125237,-0.5281152537301864,1.8517298491469651,0.0,0.0,-0.01586331643874994,0.0,0.0,0.0,0.0,0.0,0.0,0.0,0.0,0.0
5.5535868181822305,-2.3894249596206074,-2.7109201801478884,0.08108452766934579,-1.6979649222981543,-1.426821665801253,1.5757333643328597,3.2074741124125237,-0.5281152537301864,1.8517298491469651,0.011928908028214558,0.01691441447430142,0.0,0.024085429921472556,0.020356190944123664,0.019860622150401186,0.007858398425131252,0.014655448595435772,-0.0012197881449840242,0.0028482896048434014,0.019210744520234302,-0.006391232336703245
4.864624479674481,-2.7936135439780005,-3.8861995418653783,-0.28966021554596666,-0.12895068586173755,-0.9572769375931683,1.1387659534660908,2.238676308910641,0.031196817542203957,1.0325898823822373,0.0,0.0,-0.0385297282585737,0.0,0.0,0.0,0.0,0.0,0.0,0.0,0.0,0.0
4.864624479674481,-2.7936135439780005,-3.8861995418653783,-0.28966021554596666,-0.12895068586173755,-0.9572769375931683,1.1387659534660908,2.238676308910641,0.031196817542203957,1.0325898823822373,-0.003352869554400395,-0.013272662970045812,0.0,-0.01728204642551756,-0.0039185479530561285,-0.002894392825547598,-0.008755118017204633,0.006565691874795387,0.010992102147612703,-0.0018937714032288833,0.007674720965067161,-0.0040206628810056655
9.487640960361244,-2.6904897148084994,-3.0762287280911242,-0.9843278123215358,-0.724264273014451,-0.1451272557932032,1.3786343380995632,1.838226965336563,-0.3756731853769447,1.1653020828009302,0.0,0.0,0.0,0.0,0.0,0.0,0.0,0.0,0.0,0.0,0.0,0.0
9.487640960361244,-2.6904897148084994,-3.0762287280911242,-0.9843278123215358,-0.724264273014451,-0.1451272557932032,1.3786343380995632,1.838226965336563,-0.3756731853769447,1.1653020828009302,0.009490232093263717,0.013791674313607505,0.0,-0.010577551439067245,0.012160009721962961,-0.0005279472794180728,0.016009199536627383,-0.004100083930433596,0.004228444124003694,0.009675551573319341,0.00828888332585831,0.01964470216409797
8.746679792796114,-3.664977684373552,-2.4289903560161505,-1.2704703323043989,-0.7169283216945401,-0.4281042599036171,0.6665592277501533,2.1175009729653973,0.007295571558177957,0.5516133934233607,0.0,0.0,0.007360251972982956,0.0,0.0,0.0,0.0,0.0,0.0,0.0,0.0,0.0
8.746679792796114,-3.664977684373552,-2.4289903560161505,-1.2704703323043989,-0.7169283216945401,-0.4281042599036171,0.6665592277501533,2.1175009729653973,0.007295571558177957,0.5516133934233607,-0.003542759797373729,-0.025864942302328053,0.0,-0.032072822695247694,-0.006713428077017691,0.001056223343268492,-0.007878750269196377,0.021706721714499944,0.010526636204524431,0.019165936982510345,0.008775876547139738,-0.011084636706216733
8.119973606729848,-3.1752915996917905,-1.586859525247873,-0.8694856578246891,-0.28723612276592836,-0.20964116697839413,0.46278328603055285,2.256654192778545,-0.35438080096842633,0.7008962860158253,0.0,0.0,-0.013395466791253252,0.0,0.0,0.0,0.0,0.0,0.0,0.0,0.0,0.0
8.119973606729848,-3.1752915996917905,-1.586859525247873,-0.8694856578246891,-0.28723612276592836,-0.20964116697839413,0.46278328603055285,2.256654192778545,-0.35438080096842633,0.7008962860158253,0.006090368988840744,0.00637931412521664,0.0,0.02167605432359143,0.0010668250372491972,0.0075176224116753065,0.006845650079600807,-0.008607984129392787,-0.00714309952458736,-0.013643106157751661,0.007047375189400018,0.016101558098628788
4.038785792683909,-2.556736150457254,-0.5142707608121124,-0.5040278284019285,-0.026619890410170672,-0.8499142127384758,0.9603361976403892,2.784473970376541,-0.331088666412995,0.8850348998921909,0.0,0.0,0.017074708239223746,0.0,0.0,0.0,0.0,0.0,0.0,0.0,0.0,0.0
4.038785792683909,-2.556736150457254,-0.5142707608121124,-0.5040278284019285,-0.026619890410170672,-0.8499142127384758,0.9603361976403892,2.784473970376541,-0.331088666412995,0.8850348998921909,0.015780300091495114,0.01850272401807218,0.0,0.013784135128142472,0.00781791380540442,0.00863998231072105,0.02719642312229098,-0.006096768654804019,0.010791477367432023,0.003738333278874739,0.014762401303825667,0.019874156226750817
4.274817415665892,-3.024309947661627,-0.20186313740271147,-0.10353466467112404,-0.13797140530402346,-0.38840304720051083,0.7789157351106916,2.4922761454815228,-0.2453368727758886,0.8486764087873246,0.0,0.0,-0.005259052353621119,0.0,0.0,0.0,0.0,0.0,0.0,0.0,0.0,0.0
4.274817415665892,-3.024309947661627,-0.20186313740271147,-0.10353466467112404,-0.13797140530402346,-0.38840304720051083,0.7789157351106916,2.4922761454815228,-0.2453368727758886,0.8486764087873246,-0.007371476893713869,-0.0013454934607926017,0.0,-0.029459326617972015,0.0,0.01012325830834726,-0.022637221174313327,0.012639626072845633,0.004448084562390431,0.019925540572744094,-0.004202610930919226,-0.007725987310151283
5.5166078954788,-2.289074856907143,0.8704765415166441,0.7871209671555497,0.7321062305155795,0.5040013628582806,0.13888372604740612,3.294330703357316,-0.2592849842344993,0.471894019179596,0.0,0.0,-0.03049992607690688,0.0,0.0,0.0,0.0,0.0,0.0,0.0,0.0,0.0
5.5166078954788,-2.289074856907143,0.8704765415166441,0.7871209671555497,0.7321062305155795,0.5040013628582806,0.13888372604740612,3.294330703357316,-0.2592849842344993,0.471894019179596,0.009265580794013184,0.0010102737250865523,0.0,0.014558767608255918,-0.011635747032418875,0.010920987779759361,0.015847552433568612,0.00789268750008576,0.0,-0.0032865371008378164,0.015474450746205015,0.01531274307763475
5.424127122192927,-2.150946411771145,0.9603466877022852,0.5970234743960955,0.9466386567080967,0.08168426451453449,0.10696945063963072,3.3699806160524512,0.21239065516432418,0.173592255884218,0.0,0.0,0.014471249649075535,0.0,0.0,0.0,0.0,0.0,0.0,0.0,0.0,0.0
5.424127122192927,-2.150946411771145,0.9603466877022852,0.5970234743960955,0.9466386567080967,0.08168426451453449,0.10696945063963072,3.3699806160524512,0.21239065516432418,0.173592255884218,0.0094555574300208,0.02608108929111741,0.0,0.01692189591058213,0.03389212001104491,0.015124718507499635,0.002133411489888548,0.007466924784265361,-0.010924100368525758,-0.023447580377638944,0.0071398811526286465,0.0036639379842577924
5.029034689669124,-2.4663042437122713,1.9992057183465612,1.4849216752883112,0.39021043452004467,0.2588986021788498,-0.10752779299924077,2.3661176786013614,0.27901041066726695,0.17534307211901037,0.0,0.0,0.0037215080255244004,0.0,0.0,0.0,0.0,0.0,0.0,0.0,0.0,0.0
5.029034689669124,-2.4663042437122713,1.9992057183465612,1.4849216752883112,0.39021043452004467,0.2588986021788498,-0.10752779299924077,2.3661176786013614,0.27901041066726695,0.17534307211901037,-0.009843827097414604,-0.043948627881000735,0.0,0.011048660708930846,-0.038302353291471136,-0.017778692124094664,-0.0014638434807129341,-0.026572722000712035,-0.038507269653653364,-0.026636802692323158,0.003703251327109358,-0.003990295414497025
-0.9288010651331708,-2.596577806917298,1.9257132550575147,1.060721920755492,0.09341692628762151,0.45744195615881905,0.29758670694544226,2.316956315873587,0.2923259045271547,-0.1237237518809825,0.0,0.0,0.012000430795091388,0.0,0.0,0.0,0.0,0.0,0.0,0.0,0.0,0.0
-0.9288010651331708,-2.596577806917298,1.9257132550575147,1.060721920755492,0.09341692628762151,0.45744195615881905,0.29758670694544226,2.316956315873587,0.2923259045271547,-0.1237237518809825,0.0002072340610232981,0.0007979442904919587,0.0,0.023049644892206844,0.01416732461579362,0.016230351330631665,-0.003160281587132996,0.0003308772096894952,-0.004187876054098316,0.027074263117367936,-0.0009697796651824131,-0.03317400478579513
-15.74841362039063,-4.494053025548157,2.113941060006491,-0.3998295698217698,-1.0967621258481162,-0.4559666139092661,0.42234603330423126,1.976696364811257,0.1245234479213219,-0.9519951072046751,0.0,0.0,-0.02408159562053558,0.0,0.0,0.0,0.0,0.0,0.0,0.0,0.0,0.0
-15.74841362039063,-4.494053025548157,2.113941060006491,-0.3998295698217698,-1.0967621258481162,-0.4559666139092661,0.42234603330423126,1.976696364811257,0.1245234479213219,-0.9519951072046751,-0.059666798465535686,-0.07680381427553373,0.0,-0.0566281495306582,-0.06183362163127615,-0.0747414015786998,-0.07953324649550608,-0.026173224162919118,-0.02867028587753062,0.0035969625931113747,-0.04989407362306464,-0.058183716517195005
-6.714217306449336,-3.325802750805374,2.2911174081094314,0.4358316247492984,-0.5479141770340229,0.41658409520108397,0.4299198026777444,1.970360004288276,0.007999265219251159,-0.2955826601651615,0.0,0.0,-0.030322191080667027,0.0,0.0,0.0,0.0,0.0,0.0,0.0,0.0,0.0
-6.714217306449336,-3.325802750805374,2.2911174081094314,0.4358316247492984,-0.5479141770340229,0.41658409520108397,0.4299198026777444,1.970360004288276,0.007999265219251159,-0.2955826601651615,0.015541791293903096,-0.002425238528429463,0.0,-0.00865414577078627,0.006439469007923693,0.0005448401696375171,0.020544852489531307,0.02649258860658965,0.02173196005687461,0.013582488116372415,0.02965764891049094,0.008262066443501803
-11.619649984759727,-3.4279707430419806,2.555523300809554,0.5118886038869354,-0.8336475411559591,-0.2434808349010124,0.6013363406184649,2.315442413233805,-0.1372602310424371,-0.0479605659835714,0.0,0.0,0.007548159006152799,0.0,0.0,0.0,0.0,0.0,0.0,0.0,0.0,0.0
-11.619649984759727,-3.4279707430419806,2.555523300809554,0.5118886038869354,-0.8336475411559591,-0.2434808349010124,0.6013363406184649,2.315442413233805,-0.1372602310424371,-0.0479605659835714,-0.02286545703314813,-0.04338043148067339,0.0,-0.07191343912076764,-0.03537835519838939,-0.049829546729525886,-0.007995315738876907,0.026370016699831078,0.026031910083327947,0.011911128704574114,-0.04255551029885207,-0.006145658896411388
-9.412202385420816,-3.3282000863887875,2.344754618020476,0.613498103596334,-0.29949935541870026,0.23379632459454172,0.4049767867740897,2.3464190742291913,-0.08787263681857281,0.21696885414873152,0.0,0.0,-0.045376780907798286,0.0,0.0,0.0,0.0,0.0,0.0,0.0,0.0,0.0
-9.412202385420816,-3.3282000863887875,2.344754618020476,0.613498103596334,-0.29949935541870026,0.23379632459454172,0.4049767867740897,2.3464190742291913,-0.08787263681857281,0.21696885414873152,0.012700117574139691,0.05727107482354832,0.0,0.01119753635226739,0.030042958078239534,0.01891362585257239,0.00906719612469109,0.009475142160089822,-0.003403568084179187,-0.01692078536908659,0.015833336183105784,0.00749540304713614
-3.1165850524895284,-2.76273715205219,2.587564739237727,0.7818535733559628,-0.21708674059754937,1.2111948956400664,0.2678537526816298,1.98063446243642,0.012579656948542942,0.1752860238542148,0.0,0.0,0.027802634245559066,0.0,0.0,0.0,0.0,0.0,0.0,0.0,0.0,0.0
-3.1165850524895284,-2.76273715205219,2.587564739237727,0.7818535733559628,-0.21708674059754937,1.2111948956400664,0.2678537526816298,1.98063446243642,0.012579656948542942,0.1752860238542148,0.025556401086483715,0.0308744191670991,0.0,0.013140486117772854,0.03674239368689203,0.02882824229822112,0.013692704647288112,0.01967500372940223,0.02701036874116647,0.02507000203888121,0.037853721126290374,0.03757091134829338
-6.771943386536123,-3.5988512369698835,1.9611472070015008,0.1993623191543667,-0.861321848293289,1.8571936384230563,0.19793538469722965,1.4921390694057324,-0.19199022767783508,0.45613177590302223,0.0,0.0,-0.010252932433251094,0.0,0.0,0.0,0.0,0.0,0.0,0.0,0.0,0.0
-6.771943386536123,-3.5988512369698835,1.9611472070015008,0.1993623191543667,-0.861321848293289,1.8571936384230563,0.19793538469722965,1.4921390694057324,-0.19199022767783508,0.45613177590302223,-0.0266666520648704,-0.019189461697269095,0.0,-0.032497901639865434,-0.02228704067704923,-0.01571860136719183,-0.03869404791891673,-0.010090271089114866,-0.0027205851099604272,-0.013506357690357684,-0.02252746020469043,-0.04284319405917236
-11.13055950043127,-5.402494147536688,0.319925853286362,-2.6332052182774253,-2.6317039464779457,6.335747050747703,-0.8775099660457059,0.24650619164718782,-1.15532415088141,3.679252135966631,0.0,0.0,-0.01080004882315111,0.0,0.0,0.0,0.0,0.0,0.0,0.0,0.0,0.0
-11.13055950043127,-5.402494147536688,0.319925853286362,-2.6332052182774253,-2.6317039464779457,6.335747050747703,-0.8775099660457059,0.24650619164718782,-1.15532415088141,3.679252135966631,-0.029302166666499985,-0.0146277339304145,0.0,-0.006175569524168978,-0.02055328719468208,-0.02971811096768251,-0.0534251407972155,-0.023604924903825264,0.0030310038588163835,0.0005554645965921701,-0.017668944066342118,-0.040359449964169514
-4.52409683720787,-3.6065009494192295,2.723376123157247,0.47326546998636504,-0.7823555004833432,3.9616730801291213,-0.34769698805073973,1.1928496495786531,-0.24632031425210493,2.3667301691361553,0.0,0.0,-0.04434047685963338,0.0,0.0,0.0,0.0,0.0,0.0,0.0,0.0,0.0
-4.52409683720787,-3.6065009494192295,2.723376123157247,0.47326546998636504,-0.7823555004833432,3.9616730801291213,-0.34769698805073973,1.1928496495786531,-0.24632031425210493,2.3667301691361553,0.03380915568712095,0.010762719317947589,0.0,0.0037888944326902596,0.023655268792432294,0.028194788319557906,0.04066792022685428,0.023809414601877688,0.013297029565164209,0.012943556373446574,0.04971515998990039,0.04615534539274324
-14.489075268125468,-4.356361902111551,2.7703168282881,-0.08027034697929188,-0.9695334675902554,0.3334223907717063,0.46134718033175703,0.9527078652456152,-0.08057292676213328,-0.5787592682658372,0.0,0.0,0.04942874953119336,0.0,0.0,0.0,0.0,0.0,0.0,0.0,0.0,0.0
-14.489075268125468,-4.356361902111551,2.7703168282881,-0.08027034697929188,-0.9695334675902554,0.3334223907717063,0.46134718033175703,0.9527078652456152,-0.08057292676213328,-0.5787592682658372,-0.015110668889292245,-0.023499157390049152,0.0,-0.027177932347232203,-0.0458441502552005,-0.027421640957389304,-0.00505169911375114,-0.008586935483161806,0.02833277069932927,0.026834785717493315,-0.010961936550558438,-0.006063054609264595
-8.023333887557493,-3.6056699772215746,2.469739279999652,0.4605381875294827,-0.9695534887351296,1.280833122297789,0.2506933343936365,1.145288355951123,-0.06326955171356999,-0.289962281524635,0.0,0.0,-0.035769945089888955,0.0,0.0,0.0,0.0,0.0,0.0,0.0,0.0,0.0
-8.023333887557493,-3.6056699772215746,2.469739279999652,0.4605381875294827,-0.9695534887351296,1.280833122297789,0.2506933343936365,1.145288355951123,-0.06326955171356999,-0.289962281524635,-0.016565143711664065,-0.027636597993469292,0.0,-0.013813520513913824,-0.04374991120683558,-0.02690749774202339,-0.011499630622327728,0.0003609227672976001,-0.02900236650886412,0.012088652329297123,-0.009361912900296532,-0.02346081718962867
-17.060014412039838,-5.1310481802985,1.803652970553642,-1.0333437762081952,-1.7492557287440846,0.04708285765090575,0.09881719488826962,0.942486364233533,0.118561886354027,-0.7301739286060719,0.0,0.0,0.004838934936737038,0.0,0.0,0.0,0.0,0.0,0.0,0.0,0.0,0.0
-17.060014412039838,-5.1310481802985,1.803652970553642,-1.0333437762081952,-1.7492557287440846,0.04708285765090575,0.09881719488826962,0.942486364233533,0.118561886354027,-0.7301739286060719,-0.06858377087458256,-0.045630404445497486,0.0,-0.09993703105595653,-0.044117815528210924,-0.061038001722303115,-0.0735761749174707,-0.07702013294364729,-0.05017925034017712,-0.042683984867591396,-0.08646544430255354,-0.07447615759582094
-20.692263012400428,-5.902954413003957,0.21860571679505042,-2.233032647305512,-2.595585165778668,0.615218900655754,0.28148863502371596,0.5073340691181294,-0.16032798753978442,-0.8081799037187204,0.0,0.0,-0.08713642434886082,0.0,0.0,0.0,0.0,0.0,0.0,0.0,0.0,0.0
-20.692263012400428,-5.902954413003957,0.21860571679505042,-2.233032647305512,-2.595585165778668,0.615218900655754,0.28148863502371596,0.5073340691181294,-0.16032798753978442,-0.8081799037187204,0.0036413637490324557,0.020461974419192286,0.0,0.005245841228514125,0.008546838092177822,0.0015664901678715815,0.003587875488343162,-0.011725631373701972,-0.03050289722158539,-0.033027307501338754,0.01248545151412106,0.017027980552106303
-13.968511870635558,-5.2063217818479774,-0.3393142323094335,-1.320201837947364,-2.0966424663490684,0.1104514058381846,-0.044029946779982156,0.7842839600543692,-0.3298953104140416,-1.1024227771218875,0.0,0.0,0.03878993899313077,0.0,0.0,0.0,0.0,0.0,0.0,0.0,0.0,0.0
-13.968511870635558,-5.2063217818479774,-0.3393142323094335,-1.320201837947364,-2.0966424663490684,0.1104514058381846,-0.044029946779982156,0.7842839600543692,-0.3298953104140416,-1.1024227771218875,-0.00981146940272426,-0.014077196098558176,0.0,0.016552328990399046,0.001118774570962433,-0.012233293135788359,-0.03890805106882189,0.0015677523026562667,-0.0013864551997760932,-0.004902198065366847,-0.015281093221020003,0.0003323212400829778
-6.123862539935086,-3.3784702140796603,1.20000519649758,0.5656354733571516,-1.288835401544859,0.020033691495682186,0.508318232739426,1.1492711740330321,-0.4162749699362706,-0.5786188438498167,0.0,0.0,0.04075677865374594,0.0,0.0,0.0,0.0,0.0,0.0,0.0,0.0,0.0
-6.123862539935086,-3.3784702140796603,1.20000519649758,0.5656354733571516,-1.288835401544859,0.020033691495682186,0.508318232739426,1.1492711740330321,-0.4162749699362706,-0.5786188438498167,0.060071092162958584,0.06364014209129287,0.0,0.07737472264205758,0.040885847826405364,0.08236425900107824,0.08099868530390908,0.025702298850469374,0.04863604573889746,0.027500172489259178,0.048520763953413315,0.07049175378130679
-4.438202817948259,-3.2539380193618963,1.3561256131451498,0.47738486716887624,-0.9064259644331777,-0.19214828124059635,0.3654318608621986,1.1655161590174874,-0.6165891812490559,-0.4400118387689454,0.0,0.0,0.026806446288326846,0.0,0.0,0.0,0.0,0.0,0.0,0.0,0.0,0.0
-4.438202817948259,-3.2539380193618963,1.3561256131451498,0.47738486716887624,-0.9064259644331777,-0.19214828124059635,0.3654318608621986,1.1655161590174874,-0.6165891812490559,-0.4400118387689454,0.01576039362283188,0.00304859631941512,0.0,0.0030459111094851554,0.04582657471470819,0.013835616663155248,0.011152926336681634,0.006798642592507731,0.019742881958374037,-0.006550500513877067,0.01713872944267325,0.008326992364190211
-2.9173537732996584,-3.2012550494355563,1.5488986702666028,0.2674197500348495,-0.6691508251602796,-0.08397550606972627,0.7056740140863289,0.8195515344558951,-0.7809969378491352,-0.7320829704362549,0.0,0.0,0.0208855370730614,0.0,0.0,0.0,0.0,0.0,0.0,0.0,0.0,0.0
-2.9173537732996584,-3.2012550494355563,1.5488986702666028,0.2674197500348495,-0.6691508251602796,-0.08397550606972627,0.7056740140863289,0.8195515344558951,-0.7809969378491352,-0.7320829704362549,0.0022435674710075126,-0.009688237029533142,0.0,-0.006872272816947689,0.008998512642538481,0.004500562508058081,0.009942452805496771,0.0021227866395936434,0.006453647687682196,0.018462410525732276,-0.002358719557760569,0.004841130390926152
0.17076501483713954,-1.920203825594117,1.2686204629429207,1.260589423385543,-0.4978603334191958,-0.010396912480195357,1.1612335152868103,1.4520564866551358,-1.6200295647255627,0.05165174592538651,0.0,0.0,-0.008227830831330718,0.0,0.0,0.0,0.0,0.0,0.0,0.0,0.0,0.0
0.17076501483713954,-1.920203825594117,1.2686204629429207,1.260589423385543,-0.4978603334191958,-0.010396912480195357,1.1612335152868103,1.4520564866551358,-1.6200295647255627,0.05165174592538651,0.02420798718727113,0.023402976504159456,0.0,0.026391842328054027,0.005816250193231953,0.0372886612371619,0.019535468533997014,0.027916373688610774,0.04824444475659617,0.012948503232034225,0.020943801118283645,0.027583637405269812
0.2243111601933838,-2.2147703990560204,1.9619357115259168,1.6277927986614527,-0.2604885825022093,0.24606251927316966,0.8819394343897898,0.9095988725896182,-1.3669656866082598,-0.7182488519067651,0.0,0.0,0.03071743232725499,0.0,0.0,0.0,0.0,0.0,0.0,0.0,0.0,0.0
0.2243111601933838,-2.2147703990560204,1.9619357115259168,1.6277927986614527,-0.2604885825022093,0.24606251927316966,0.8819394343897898,0.9095988725896182,-1.3669656866082598,-0.7182488519067651,0.0007782224433920959,-0.01124644507617445,0.0,-0.0086231955463425,-0.005397086859036171,0.01658115466535115,0.0199152463543093,0.002809541733960641,0.006990483728873453,0.012417779421703079,-0.009926379258977991,-0.011215581464562474
-0.21318090549410365,-2.2579964809043176,1.7726027860259836,1.557771880480625,-0.3371605525227089,-0.10436914011849739,0.6876671897400751,0.9835620295944062,-1.399744311950927,-0.2016680743478445,0.0,0.0,-0.005220551889194347,0.0,0.0,0.0,0.0,0.0,0.0,0.0,0.0,0.0
-0.21318090549410365,-2.2579964809043176,1.7726027860259836,1.557771880480625,-0.3371605525227089,-0.10436914011849739,0.6876671897400751,0.9835620295944062,-1.399744311950927,-0.2016680743478445,0.01569548353902106,0.018957388240989692,0.0,0.02910006794316411,0.0031009777396990845,0.02371128179581139,0.021745281292380625,0.005603340648519639,0.0063640287423931685,0.0018040476408962558,0.01893733237594919,0.01627011162897296
-0.31411740569388963,-2.6310388182675206,1.7321623148627157,1.2966953579135774,-0.6772672771646032,0.1397558656466441,1.0406723476029325,0.19842708000105092,-1.0492502960831938,-0.3507255053995155,0.0,0.0,0.009840138533232512,0.0,0.0,0.0,0.0,0.0,0.0,0.0,0.0,0.0
-0.31411740569388963,-2.6310388182675206,1.7321623148627157,1.2966953579135774,-0.6772672771646032,0.1397558656466441,1.0406723476029325,0.19842708000105092,-1.0492502960831938,-0.3507255053995155,0.011079414279824729,0.03330239272830604,0.0,0.007684148675981994,0.023956516581397747,0.013656275369191784,0.009845782712858853,0.015787497440350906,0.0025871000981836367,0.020885764067230195,0.0026236771608738607,0.010978076688805016
3.1102123459557305,-2.0809816273972066,1.918930579330263,2.4571381760055555,-0.040752025127341225,-0.1191694943205985,0.6260388905848123,0.6302524974294184,-0.9937570263958362,0.009710316347103403,0.0,0.0,-0.0023818168704951015,0.0,0.0,0.0,0.0,0.0,0.0,0.0,0.0,0.0
3.1102123459557305,-2.0809816273972066,1.918930579330263,2.4571381760055555,-0.040752025127341225,-0.1191694943205985,0.6260388905848123,0.6302524974294184,-0.9937570263958362,0.009710316347103403,0.004541800286652853,-0.008822554732170973,0.0,-0.004880321785366681,0.0007548484448864912,0.008321532572987067,0.015913856837483475,-0.006399768210075707,-0.004873797165213745,0.005467305145281376,-0.0006541794291515801,-0.0027146431395630444
2.6072715524878394,-1.9977622638636208,1.930654510309877,2.6599046729809164,0.33553665947524414,-0.351772937140438,0.9406656351337825,0.009664087265688551,-1.413669367196355,0.14212850997788662,0.0,0.0,0.004558122051237179,0.0,0.0,0.0,0.0,0.0,0.0,0.0,0.0,0.0
2.6072715524878394,-1.9977622638636208,1.930654510309877,2.6599046729809164,0.33553665947524414,-0.351772937140438,0.9406656351337825,0.009664087265688551,-1.413669367196355,0.14212850997788662,-0.013169155619463413,-0.00744766899525795,0.0,-0.0019923188790785806,-0.020362168901698396,-0.02515087152614648,-0.014677231391033052,-0.012145695916475518,0.002304605060555298,0.005963761090275632,-0.022476896131236823,-0.00943655655947262
2.8502670039091473,-2.2783809504366377,0.8515041878802159,2.414680566447656,0.0041071133642995306,-0.5121304629592612,0.2477087263328156,0.14424329757706175,-1.5505672139657847,0.22338004463753144,0.0,0.0,-0.0023768464867939265,0.0,0.0,0.0,0.0,0.0,0.0,0.0,0.0,0.0
2.8502670039091473,-2.2783809504366377,0.8515041878802159,2.414680566447656,0.0041071133642995306,-0.5121304629592612,0.2477087263328156,0.14424329757706175,-1.5505672139657847,0.22338004463753144,0.02236286922434383,0.017020478054364796,0.0,0.014281251218481783,0.023094773192453122,0.0034936704017687337,0.03623626393802226,0.01881520876779441,0.029319129309866243,0.018483050769616094,0.025895837609100525,0.010075867274809802
2.0007860824268384,-2.3976451212567493,0.21346655506091636,3.057337226324413,-0.03670676780244738,-1.1506408711388683,0.4322050307263156,0.03677374275931789,-2.047097410298061,1.7727471534853012,0.0,0.0,0.018410211193299553,0.0,0.0,0.0,0.0,0.0,0.0,0.0,0.0,0.0
2.0007860824268384,-2.3976451212567493,0.21346655506091636,3.057337226324413,-0.03670676780244738,-1.1506408711388683,0.4322050307263156,0.03677374275931789,-2.047097410298061,1.7727471534853012,0.01269737762772638,0.0077377521328805265,0.0,0.01877363781418029,-0.019563712067363737,-0.0005355016460675266,0.03787182596372052,0.008411291994382397,0.004467692512988064,-0.005820981500484601,0.00424319385511196,0.03319122020354537
3.555838740806578,-1.7129608509486867,-0.18457180652699184,2.797049805164417,0.9510934763147237,-1.8306025146847642,0.011716730367443468,-0.2521995430241919,-1.8321515358363336,1.851000056587978,0.0,0.0,0.0006985459804864647,0.0,0.0,0.0,0.0,0.0,0.0,0.0,0.0,0.0
3.555838740806578,-1.7129608509486867,-0.18457180652699184,2.797049805164417,0.9510934763147237,-1.8306025146847642,0.011716730367443468,-0.2521995430241919,-1.8321515358363336,1.851000056587978,-0.009776226716502134,-0.01325597598910444,0.0,-0.008183134052555996,-0.011094136102251073,0.00023945600742725226,-0.02095182640745219,0.016235200964890728,0.012999422335688182,0.0037732977908420118,-0.014110151519556191,-0.0024883207903864113
3.614433056113885,-1.506762509566893,0.06202275957922848,3.096303961958201,0.07262677243555221,-1.7196417663268564,0.2966383862055823,-0.8033459432958927,-1.8856359120461161,1.2862584620043538,0.0,0.0,-0.004257835395292786,0.0,0.0,0.0,0.0,0.0,0.0,0.0,0.0,0.0
3.614433056113885,-1.506762509566893,0.06202275957922848,3.096303961958201,0.07262677243555221,-1.7196417663268564,0.2966383862055823,-0.8033459432958927,-1.8856359120461161,1.2862584620043538,0.023048921662238486,0.05125409124426583,0.0,0.0033224427244737953,0.03588166539566329,0.03448753978107666,0.03111398612097971,-0.006099778932315281,0.001103618514985305,-0.005185054374884035,0.007831085212055111,0.03152037558386822
6.445322658676968,-0.9697691574318371,0.2865887460445878,3.6074011900104717,0.17428229600433462,-1.7758717951388718,1.024199494647522,-0.8703590166874697,-1.4768690483002411,1.7705100686867064,0.0,0.0,0.03314097930795534,0.0,0.0,0.0,0.0,0.0,0.0,0.0,0.0,0.0
6.445322658676968,-0.9697691574318371,0.2865887460445878,3.6074011900104717,0.17428229600433462,-1.7758717951388718,1.024199494647522,-0.8703590166874697,-1.4768690483002411,1.7705100686867064,0.003586582672689298,-0.008298744194175423,0.0,0.014147835803875797,0.0033884475341181552,-0.006772075706442893,0.009528685103300294,0.01119134762388252,0.006341385920421105,0.0066019943804316306,-0.007989389117487478,0.006505146070659995
-0.8840587509390574,-2.7620531969661446,0.022180532169896138,1.7769395970202513,0.23850815843736486,-1.427746904219548,0.7420885411835263,-0.19589461150643947,-1.071872192152431,1.3087175786818301,0.0,0.0,0.014486485994827492,0.0,0.0,0.0,0.0,0.0,0.0,0.0,0.0,0.0
-0.8840587509390574,-2.7620531969661446,0.022180532169896138,1.7769395970202513,0.23850815843736486,-1.427746904219548,0.7420885411835263,-0.19589461150643947,-1.071872192152431,1.3087175786818301,0.0062802002021151715,0.008019613676756965,0.0,-0.002819650302796295,0.02589134505162005,0.026747416086395193,0.020188645171335784,0.015173268391019068,-0.026575482839126363,-0.011218596029074601,-0.05207404175157104,0.014286949255902792
5.583072206800706,-0.9031135049299429,-0.7932826107887202,3.5970344330513933,-0.427635505064097,-2.2583602614489293,0.5755104395341558,0.22751143343402724,-1.2159994272594419,3.061682193985789,0.0,0.0,0.002652052401819205,0.0,0.0,0.0,0.0,0.0,0.0,0.0,0.0,0.0
5.583072206800706,-0.9031135049299429,-0.7932826107887202,3.5970344330513933,-0.427635505064097,-2.2583602614489293,0.5755104395341558,0.22751143343402724,-1.2159994272594419,3.061682193985789,0.00699947835329251,-0.021100178315205276,0.0,-0.001488377685366582,0.0040234405146784,-0.017494740906551343,0.013364454335777376,-0.007033581582747139,0.00619218835770452,0.01256753118756393,0.0257214438840081,0.0037729852946897235
6.651510451770404,-0.8199536630426603,-0.46976078675315946,4.091725606361316,0.7714234986738012,-2.0974482183788945,0.9624528671000029,-0.18142866594740065,-1.2469535896138937,3.0768725337358074,0.0,0.0,0.032756703650219876,0.0,0.0,0.0,0.0,0.0,0.0,0.0,0.0,0.0
6.651510451770404,-0.8199536630426603,-0.46976078675315946,4.091725606361316,0.7714234986738012,-2.0974482183788945,0.9624528671000029,-0.18142866594740065,-1.2469535896138937,3.0768725337358074,-0.0029792560304657822,-0.008480477799020614,0.0,-0.0511251549988897,0.013478864080458841,0.006758431165321488,-0.009637432743465846,0.009031104457616568,0.009790340019212307,-0.0005170429689749234,0.015318458859593376,-0.00852005824559543
-6.2538197676072445,-3.166255143344012,0.0581517571793303,1.84985946277283,0.10212865862437068,-1.7178300126118111,0.9338354118144996,0.5757047603212331,-0.29679483198588236,1.5614073167483706,0.0,0.0,-0.01319927458065151,0.0,0.0,0.0,0.0,0.0,0.0,0.0,0.0,0.0
-6.2538197676072445,-3.166255143344012,0.0581517571793303,1.84985946277283,0.10212865862437068,-1.7178300126118111,0.9338354118144996,0.5757047603212331,-0.29679483198588236,1.5614073167483706,-0.015522551813582752,-0.030648563970460785,0.0,0.0014136711295140714,-0.018691469434746533,-0.019235610830683147,-0.027656682924488196,-0.0063174910228547265,-0.011080506802050971,-0.01793719313383524,-0.006705422385305693,-0.013310828752051695
-7.831373335480245,-3.3933620996371583,-0.014995559550788889,1.1406673192449912,-1.04106958073985,-0.9342214579283551,0.621815643870693,0.6075071780643486,-0.4341120379523301,0.3637303888195251,0.0,0.0,-0.019564457589259288,0.0,0.0,0.0,0.0,0.0,0.0,0.0,0.0,0.0
-7.831373335480245,-3.3933620996371583,-0.014995559550788889,1.1406673192449912,-1.04106958073985,-0.9342214579283551,0.621815643870693,0.6075071780643486,-0.4341120379523301,0.3637303888195251,0.0036276199772253825,0.01066155256374457,0.0,0.010196087268963483,-0.00879132860400711,-0.004080501971108985,0.0006580840119023712,0.02331282945454838,0.027731280548780157,0.027046308215165515,-0.002812642314341085,-0.002731993829739321
1.4766386789330013,-2.9619293307352974,-1.613109787141486,1.352842121690893,-0.8460594967242873,-1.1822307723199714,0.29147164632580624,0.5988638580371912,-1.0706794228873722,0.836296956495718,0.0,0.0,-0.002240243422936161,0.0,0.0,0.0,0.0,0.0,0.0,0.0,0.0,0.0
1.4766386789330013,-2.9619293307352974,-1.613109787141486,1.352842121690893,-0.8460594967242873,-1.1822307723199714,0.29147164632580624,0.5988638580371912,-1.0706794228873722,0.836296956495718,-0.019325287158444837,-0.027100515931840152,0.0,-0.04673900515210849,-0.015151520003381602,-0.025244555184335438,-0.03566273894438654,-0.0036242879355719015,0.00027251079501744435,0.024623504706327015,0.00902591921026974,-0.03013731494891647
1.6702999011084865,-3.827913720730734,-3.4153795652041565,0.4884637647755374,-1.7254328053637704,-1.039912893329746,-0.192655972145735,0.5599572927199662,-2.281657043819174,0.8169428734728709,0.0,0.0,-0.020816221446160355,0.0,0.0,0.0,0.0,0.0,0.0,0.0,0.0,0.0
1.6702999011084865,-3.827913720730734,-3.4153795652041565,0.4884637647755374,-1.7254328053637704,-1.039912893329746,-0.192655972145735,0.5599572927199662,-2.281657043819174,0.8169428734728709,-0.011023439507591437,-0.002617550149522252,0.0,-0.02557427373071497,-0.009005671098402779,-0.009491431985258592,-0.002319701933856222,-0.02286506592283133,-0.014441551722911616,-0.032376524307551,-0.016996073333542805,-0.0076800726261275765
2.4500097953079227,-2.441827090518404,-3.3609183682481865,0.8068020117211785,-0.9682226511326625,-2.0671389187427875,-0.7357823080165093,1.4209879071590021,-0.9301941141496549,1.0970881329015598,0.0,0.0,-0.018549380608734123,0.0,0.0,0.0,0.0,0.0,0.0,0.0,0.0,0.0
2.4500097953079227,-2.441827090518404,-3.3609183682481865,0.8068020117211785,-0.9682226511326625,-2.0671389187427875,-0.7357823080165093,1.4209879071590021,-0.9301941141496549,1.0970881329015598,0.02067875553816312,0.06879088115705878,0.0,0.019558743973820736,0.028398346418960996,0.028336724151234227,0.023115685622414395,0.029427440558420725,0.03151776125003214,0.04363591159816993,0.024570373484959607,0.015301193393487234
5.168935787850574,-2.750063728993685,-4.092468076475932,0.6552430599323309,-0.2288238096421258,-1.725379115425962,-0.909013974802565,1.736018535664886,-1.4901815329240906,1.3372076103280388,0.0,0.0,0.010193316270728614,0.0,0.0,0.0,0.0,0.0,0.0,0.0,0.0,0.0
5.168935787850574,-2.750063728993685,-4.092468076475932,0.6552430599323309,-0.2288238096421258,-1.725379115425962,-0.909013974802565,1.736018535664886,-1.4901815329240906,1.3372076103280388,0.016783942476745972,0.019291760661469537,0.0,0.0068862801072056,0.000736593225623583,0.007854119584535635,0.026336922059734702,0.01704845172135827,0.006700972265842875,-0.005453658229736202,0.015432386207484328,0.0359241876763603
2.828912874867107,-2.4710629500309795,-3.32628262555762,-0.04570451254869991,-0.33465424391954735,-1.9334031796022793,-0.4028430766288159,1.2054346206913427,-0.9858258428127566,1.006573403666652,0.0,0.0,0.0115621291529735,0.0,0.0,0.0,0.0,0.0,0.0,0.0,0.0,0.0
2.828912874867107,-2.4710629500309795,-3.32628262555762,-0.04570451254869991,-0.33465424391954735,-1.9334031796022793,-0.4028430766288159,1.2054346206913427,-0.9858258428127566,1.006573403666652,0.021686601926025784,0.0013762974773101622,0.0,0.036964614942674334,0.008829823083134958,0.028001258741699786,0.028526832938630342,0.005079344933675678,0.025026368009034572,0.017613830992389445,0.024272842886285062,0.019114926708444724
9.164324713149623,-2.723658678995782,-5.230601713234543,-0.38952751602089863,-1.112548143485942,-1.4578543816168485,-0.5559569261409727,1.214416450736622,-1.2982663132920735,0.8605148998979554,0.0,0.0,0.026599775671267256,0.0,0.0,0.0,0.0,0.0,0.0,0.0,0.0,0.0
9.164324713149623,-2.723658678995782,-5.230601713234543,-0.38952751602089863,-1.112548143485942,-1.4578543816168485,-0.5559569261409727,1.214416450736622,-1.2982663132920735,0.8605148998979554,-0.014736767820626051,-0.0032644678579638597,0.0,-0.010992503413317034,-0.007658640127817029,-0.015674804101925566,-0.011524795551187239,-0.021057828527218603,-0.04805158355605266,-0.030045802593077653,-0.01441074435421097,-0.013528052723281836
-0.018075384884273394,-4.592238218811216,-4.844584896638187,-0.9934863399036492,-1.7562374712743596,-0.9248065645456065,-0.8433994685567339,0.16402383319591954,-1.596817732161162,0.2708982874133613,0.0,0.0,-0.0012535481293860506,0.0,0.0,0.0,0.0,0.0,0.0,0.0,0.0,0.0
-0.018075384884273394,-4.592238218811216,-4.844584896638187,-0.9934863399036492,-1.7562374712743596,-0.9248065645456065,-0.8433994685567339,0.16402383319591954,-1.596817732161162,0.2708982874133613,0.03002807435514354,0.026443382954423722,0.0,0.009448210802314394,0.03723154994255817,0.020211249592898772,0.029891214526849064,0.034498559961138486,0.04285910782260216,0.03021287577147258,0.02678174043867876,0.02624201955713601
9.209926204530774,-2.493862068837448,-4.825825716037994,-0.4540365318888798,-1.3444123822231258,-1.6628696844416513,-0.7919688980930787,1.7636987171076888,-1.5811748907827183,1.1866174429955594,0.0,0.0,0.024176986893519548,0.0,0.0,0.0,0.0,0.0,0.0,0.0,0.0,0.0
9.209926204530774,-2.493862068837448,-4.825825716037994,-0.4540365318888798,-1.3444123822231258,-1.6628696844416513,-0.7919688980930787,1.7636987171076888,-1.5811748907827183,1.1866174429955594,0.0017070530060718792,-0.023483664223636236,0.0,0.018571440969848307,0.0017807555285167531,-0.010022870797287808,0.0056180983002187546,0.0,-0.0039554623263016175,0.004941691063093945,-0.009745574254453993,0.00913132130602401
9.411553673803606,-2.6615068300218456,-5.183459687401728,-0.25337579498252266,-1.2135018369097712,-1.316375504560288,-1.0134499497853298,2.3249210556117736,-1.627742912806525,0.38176168454287274,0.0,0.0,0.01646542986149835,0.0,0.0,0.0,0.0,0.0,0.0,0.0,0.0,0.0
9.411553673803606,-2.6615068300218456,-5.183459687401728,-0.25337579498252266,-1.2135018369097712,-1.316375504560288,-1.0134499497853298,2.3249210556117736,-1.627742912806525,0.38176168454287274,-0.0016037217757829403,0.008304586225361676,0.0,-0.02649215726135279,-0.0024883962444425256,-0.0001298219114480581,0.006083207829284731,0.011062456244073315,-0.00953161354138321,0.0040975958911895205,-0.008130093173251751,0.002445662651197944
8.961695589331224,-2.2745696927288352,-5.369607357491911,0.06964209643274638,-1.0433644770462152,-1.2687376531845946,-0.6649331222018057,2.5501404396190845,-1.4508035858272894,1.5832123749739322,0.0,0.0,-0.03220172439119351,0.0,0.0,0.0,0.0,0.0,0.0,0.0,0.0,0.0
8.961695589331224,-2.2745696927288352,-5.369607357491911,0.06964209643274638,-1.0433644770462152,-1.2687376531845946,-0.6649331222018057,2.5501404396190845,-1.4508035858272894,1.5832123749739322,0.003915329866541306,0.012182831786297532,0.0,0.00480249470121219,0.011404111606655665,0.021290471697187785,0.016904994336837342,-0.010278535807218603,-0.012830632400498643,-0.024485931313880993,-0.010569588221762127,0.00016252805285477123
2.0507854458434167,-2.4452248280995232,-4.399157270362828,0.2435778482061979,-0.9595376651831434,-1.9670700612212992,-2.034519653547285,1.7482540510195073,-1.4730427241513195,0.7647438733380159,0.0,0.0,0.0429520467514537,0.0,0.0,0.0,0.0,0.0,0.0,0.0,0.0,0.0
2.0507854458434167,-2.4452248280995232,-4.399157270362828,0.2435778482061979,-0.9595376651831434,-1.9670700612212992,-2.034519653547285,1.7482540510195073,-1.4730427241513195,0.7647438733380159,-0.017199600131795112,-0.016613253774683145,0.0,-0.023737625371324067,-0.027131917763380198,-0.029998526865282593,-0.024875373961498748,-0.008039847677880907,0.015434308679096453,0.0066936654097926596,-0.005232205873258011,-0.03179109283274417
-11.160566736432129,-4.199133804738303,-1.4657218463647907,-1.1477029706799937,-1.053532001190539,-1.5713373934243549,-1.2164482275639272,1.3540403593328554,-0.6596969433540582,-0.15580947024429778,0.0,0.0,-0.03228923447804133,0.0,0.0,0.0,0.0,0.0,0.0,0.0,0.0,0.0
-11.160566736432129,-4.199133804738303,-1.4657218463647907,-1.1477029706799937,-1.053532001190539,-1.5713373934243549,-1.2164482275639272,1.3540403593328554,-0.6596969433540582,-0.15580947024429778,-0.004137992847685568,0.003102945919345901,0.0,-0.024804443805092724,-0.012676233794640668,-0.003276594655757248,-0.012070838765753988,0.007260845693892737,0.026133865756620134,0.010638093744336219,0.000328989961552395,0.0027711498686597835
-14.251408659942905,-4.322736302532452,-0.13378471424050511,-1.3208892604885343,-1.0781320659811235,-1.572567531211722,-0.8146409997410722,1.3831526289801663,-0.3510227934890234,-0.44855611325071265,0.0,0.0,-0.008591403405316389,0.0,0.0,0.0,0.0,0.0,0.0,0.0,0.0,0.0
-14.251408659942905,-4.322736302532452,-0.13378471424050511,-1.3208892604885343,-1.0781320659811235,-1.572567531211722,-0.8146409997410722,1.3831526289801663,-0.3510227934890234,-0.44855611325071265,-0.03054992218757402,-0.04382208536834176,0.0,-0.0582326391556276,-0.04218662163091713,-0.041677438511185994,-0.03237181797926991,-0.0020115893951604402,-0.0023390592390432063,0.004440815656379105,-0.02015580715098675,-0.04036519393733973
-5.905095863260676,-3.269051012704332,-1.2157833211687687,-0.29400056850356765,-1.0588853969753058,-1.4286833644404866,-1.279294357686615,1.2885432282361842,-0.3605381532475368,0.36932174549811975,0.0,0.0,-0.017734739314173575,0.0,0.0,0.0,0.0,0.0,0.0,0.0,0.0,0.0
-5.905095863260676,-3.269051012704332,-1.2157833211687687,-0.29400056850356765,-1.0588853969753058,-1.4286833644404866,-1.279294357686615,1.2885432282361842,-0.3605381532475368,0.36932174549811975,0.027086064970129442,0.012041837436328695,0.0,0.02878470163538549,0.02566062126444546,0.030731129292590698,0.03892214938705152,0.018477968918407583,0.017713054690701835,0.017520960686659537,0.015763200136128308,0.044332080498462156
-4.73039781989121,-3.3046836745024097,-0.7569040363830006,-0.2799068799956189,-0.7375613194098588,-1.5808847172767666,-1.5176660296986917,1.2843471579629508,-0.4225392830199714,0.518864169100344,0.0,0.0,-0.017234078174598877,0.0,0.0,0.0,0.0,0.0,0.0,0.0,0.0,0.0
-4.73039781989121,-3.3046836745024097,-0.7569040363830006,-0.2799068799956189,-0.7375613194098588,-1.5808847172767666,-1.5176660296986917,1.2843471579629508,-0.4225392830199714,0.518864169100344,0.0007523255161399067,0.0,0.0,-0.007253922199581875,0.0018671194304524796,0.0042590108738804755,-0.003257604495818356,0.002803907455043664,0.003327106638967292,0.006758811793260655,-0.004071836652520755,0.005264527953452447
4.053292962228823,-2.9664372377478645,-1.5294027781084876,0.35446235797627096,-0.37449553464385066,-0.859438445260513,-2.1966296247486126,1.2933775155950102,-0.36932586242266907,0.9373793687331571,0.0,0.0,0.0340291028320463,0.0,0.0,0.0,0.0,0.0,0.0,0.0,0.0,0.0
4.053292962228823,-2.9664372377478645,-1.5294027781084876,0.35446235797627096,-0.37449553464385066,-0.859438445260513,-2.1966296247486126,1.2933775155950102,-0.36932586242266907,0.9373793687331571,0.017909514394329973,0.01260858288190625,0.0,0.021572679792522864,0.02310860322932884,0.021073985806415507,0.0253929701096276,0.007236740258844021,0.014030367864766635,0.007992147698451468,0.005856518272308708,0.01886952734780345
4.5350874166055695,-1.2650427360830616,-0.0903396162960344,1.5431175878610517,1.2360471585499904,-1.1870152402492737,-2.460670165734827,1.88253017374916,-0.2150716926073556,0.8943505423807742,0.0,0.0,0.024227630747970297,0.0,0.0,0.0,0.0,0.0,0.0,0.0,0.0,0.0
4.5350874166055695,-1.2650427360830616,-0.0903396162960344,1.5431175878610517,1.2360471585499904,-1.1870152402492737,-2.460670165734827,1.88253017374916,-0.2150716926073556,0.8943505423807742,0.011651484138978319,0.025956056224854196,0.0,0.03201639383288146,0.02987268569228263,0.02440299278077762,0.002329238022417357,0.0024495540087365875,-0.017358376072166837,0.004440336014130963,0.005932840318830346,0.008974349164602602
5.692878923865583,-1.0391593428984713,0.17893755014805063,1.8510420970816843,0.38110095016244144,-1.3201363817740057,-2.8326907614729095,0.621645286086442,0.7216265211579301,0.848329442093425,0.0,0.0,0.01103900817142045,0.0,0.0,0.0,0.0,0.0,0.0,0.0,0.0,0.0
5.692878923865583,-1.0391593428984713,0.17893755014805063,1.8510420970816843,0.38110095016244144,-1.3201363817740057,-2.8326907614729095,0.621645286086442,0.7216265211579301,0.848329442093425,-0.000696661614949301,0.004615246702823983,0.0,0.01963686370263651,0.0042444014666593866,-0.002534156407023258,-0.00366955168919314,-0.008470509896041811,0.0125449055573581,0.012156832450173294,0.0033859076503379715,-0.011967238268227764
4.824252714541588,-1.340131861030738,0.9556777421596264,2.1880145312463974,0.8795616288201019,-0.7933699311092305,-2.2475578324703744,1.2888122713651071,-0.41700696718262487,0.7283075371026927,0.0,0.0,-0.011698132891175939,0.0,0.0,0.0,0.0,0.0,0.0,0.0,0.0,0.0
4.824252714541588,-1.340131861030738,0.9556777421596264,2.1880145312463974,0.8795616288201019,-0.7933699311092305,-2.2475578324703744,1.2888122713651071,-0.41700696718262487,0.7283075371026927,-0.013551547247111273,-0.015313801074389732,0.0,-0.034795257685141245,-0.01514613413535737,-0.011305948276745359,-0.008470299616380239,0.005256997462676161,0.0,0.012790390061846013,-0.0232939182522085,-0.017186491258936676
0.19671344852465814,-2.483647853989776,0.9974684244649111,1.6074574587239467,0.24999085749856656,-0.2839620352721797,-2.044047892434255,1.5331041382282629,-0.3133476176959224,0.05400722490334483,0.0,0.0,-0.025746797277819256,0.0,0.0,0.0,0.0,0.0,0.0,0.0,0.0,0.0
0.19671344852465814,-2.483647853989776,0.9974684244649111,1.6074574587239467,0.24999085749856656,-0.2839620352721797,-2.044047892434255,1.5331041382282629,-0.3133476176959224,0.05400722490334483,-0.01763935904174363,-0.027274908830079325,0.0,-0.03518610597389815,-0.030849559256220682,-0.03345002704259992,-0.01588584165704554,-0.006248720329623869,-0.0017053618662895564,-0.008562716224527644,-0.006925421760419659,-0.01322506319064698
2.7362428401699286,-1.6436204929281697,0.6276669167550109,2.1466571595360637,0.45640495019412475,0.17201744425787197,-2.6704911199975374,3.4074433423080617,-0.8620224176533305,-0.7644340047344627,0.0,0.0,0.002841865671249222,0.0,0.0,0.0,0.0,0.0,0.0,0.0,0.0,0.0
2.7362428401699286,-1.6436204929281697,0.6276669167550109,2.1466571595360637,0.45640495019412475,0.17201744425787197,-2.6704911199975374,3.4074433423080617,-0.8620224176533305,-0.7644340047344627,0.009710424999625378,0.004463561957231965,0.0,0.0017536024509199333,0.012982183778999401,0.007350022532891076,0.015395961013876747,0.007444253511317944,0.0035694025045032163,0.004383383507724714,0.005183539900657008,0.00956735697951272
2.262806741686684,-2.152113364143216,0.7969754371013148,1.7502076635468968,-0.06912489574310825,0.080238752169365,-1.2639938304298606,1.71247220180403,-0.4253552692684348,0.49449282991020693,0.0,0.0,0.007083547214986163,0.0,0.0,0.0,0.0,0.0,0.0,0.0,0.0,0.0
2.262806741686684,-2.152113364143216,0.7969754371013148,1.7502076635468968,-0.06912489574310825,0.080238752169365,-1.2639938304298606,1.71247220180403,-0.4253552692684348,0.49449282991020693,0.02059732787227264,0.02399574153402062,0.0,0.0036767272036113408,0.026730036921137845,0.029583424131183644,0.015287022432671993,-0.004597897921868044,0.0043193898346918225,-0.008572449402295068,0.03251129320106627,0.026585268686658337
9.865876157269986,-0.5105335878340833,0.4256265528640326,2.5816830641513824,0.8297494708485136,1.1589416596990532,-1.7895620817860227,3.2671506677223174,-1.2637782402334197,1.1164527434859595,0.0,0.0,0.010851956126912476,0.0,0.0,0.0,0.0,0.0,0.0,0.0,0.0,0.0
9.865876157269986,-0.5105335878340833,0.4256265528640326,2.5816830641513824,0.8297494708485136,1.1589416596990532,-1.7895620817860227,3.2671506677223174,-1.2637782402334197,1.1164527434859595,0.0036419922409876015,0.0003471074926812978,0.0,0.0298274665653111,0.01640524003467747,0.006442533868898037,0.0029380491022479305,0.013691897602402303,0.011383932383026485,0.01902213694999566,-0.001520249653425676,-0.009884900205679226
4.566965294884543,-0.911481339418884,1.2855772917873596,2.752376173708223,0.8077578284493739,0.3100672708098172,-2.311926072877219,3.1862079162596366,-1.2045138076414232,-0.17823372148163538,0.0,0.0,0.00039778243539312363,0.0,0.0,0.0,0.0,0.0,0.0,0.0,0.0,0.0
4.566965294884543,-0.911481339418884,1.2855772917873596,2.752376173708223,0.8077578284493739,0.3100672708098172,-2.311926072877219,3.1862079162596366,-1.2045138076414232,-0.17823372148163538,0.00985470856254822,0.009717140183519879,0.0,-0.018292863997839026,0.0070174406329714945,0.005120904908725077,0.021237546476775337,-0.004719140717043158,-0.016258347422806962,-0.008793529876015449,0.030339120044851953,-0.0028878721073242186
0.7716756059221698,-1.8336972414678716,1.809071509483712,1.6441740620767094,0.4868229042890751,1.2026798122710363,-1.3174015270907746,1.5880144103053921,-1.2839246486621678,0.4149175534723813,0.0,0.0,0.012519771544735603,0.0,0.0,0.0,0.0,0.0,0.0,0.0,0.0,0.0
0.7716756059221698,-1.8336972414678716,1.809071509483712,1.6441740620767094,0.4868229042890751,1.2026798122710363,-1.3174015270907746,1.5880144103053921,-1.2839246486621678,0.4149175534723813,0.01598870212331671,0.02990211917121499,0.0,0.05141454577619653,0.040069792239423974,0.03999518938980762,0.023544784522291584,-0.005886325698814976,-0.03763020469211564,-0.03486389635279841,-0.003271472298838396,0.003640915804047129
2.7894292472583175,-1.9882404555476676,1.2091712242152435,0.8772728371398615,0.06402305972557126,2.118601180243519,-1.459644459337234,0.689491257934275,-1.645324043842877,1.0594411073963819,0.0,0.0,0.01138367283731756,0.0,0.0,0.0,0.0,0.0,0.0,0.0,0.0,0.0
2.7894292472583175,-1.9882404555476676,1.2091712242152435,0.8772728371398615,0.06402305972557126,2.118601180243519,-1.459644459337234,0.689491257934275,-1.645324043842877,1.0594411073963819,0.004445643328179427,0.008009099416705467,0.0,-0.02166038819602789,-0.006030097975532445,0.0007343876934000626,0.010509254083492126,0.008388263728791534,0.013474062233777895,0.01032094147759488,0.010482703125989756,-0.0011541588718422258
3.166802199110324,-1.709964363277397,1.6499230774733329,1.531643044805835,0.2103251296778683,2.4442166199761526,-1.0807930784048552,0.941916905041696,-2.1832646293837876,1.4820307481441644,0.0,0.0,0.008927075909659798,0.0,0.0,0.0,0.0,0.0,0.0,0.0,0.0,0.0
3.166802199110324,-1.709964363277397,1.6499230774733329,1.531643044805835,0.2103251296778683,2.4442166199761526,-1.0807930784048552,0.941916905041696,-2.1832646293837876,1.4820307481441644,0.0023258544458166774,-0.019532997764868054,0.0,0.006876809844732268,0.0010111254881897125,-0.0056297569678940285,0.0018488338740860755,0.00146798111004931,-0.0005215047491633484,0.005267498448634722,0.02598795468637194,-0.01370201782832059
-1.7831447950878965,-4.629473736519968,-1.9271049223531143,-2.015335923347656,-2.2735335645413293,7.615252074479103,-2.594410197118999,-0.1362409363126797,-3.140418301400326,4.879620934242861,0.0,0.0,0.0009612728346120036,0.0,0.0,0.0,0.0,0.0,0.0,0.0,0.0,0.0
-1.7831447950878965,-4.629473736519968,-1.9271049223531143,-2.015335923347656,-2.2735335645413293,7.615252074479103,-2.594410197118999,-0.1362409363126797,-3.140418301400326,4.879620934242861,0.016792008902583255,0.01738974110331415,0.0,-0.008995593141973512,0.016834948765914737,0.014400424092177788,0.019838495597637174,0.010097543489243632,0.011998097570548927,0.002064103783824489,0.019711677225114688,0.03146682805196188
2.766132844732522,-2.4526723875147995,2.078944985635794,1.4160233834096723,-0.06669281187430186,5.289944721745167,-1.8778143307214838,0.4835909563478409,-2.2311644922698863,4.282414039486496,0.0,0.0,0.009992648915880586,0.0,0.0,0.0,0.0,0.0,0.0,0.0,0.0,0.0
2.766132844732522,-2.4526723875147995,2.078944985635794,1.4160233834096723,-0.06669281187430186,5.289944721745167,-1.8778143307214838,0.4835909563478409,-2.2311644922698863,4.282414039486496,-0.010967469408157404,-0.012777684161965008,0.0,-0.014960627823966677,-0.007947045072498327,-0.02766343993138709,-0.018321553457878448,0.006610888596813469,-0.007474362651423649,0.004595297605667348,-0.0009013991686056544,-0.020121634159821156
4.55048055324794,-1.866181256487985,1.902273744372881,1.9853559961934295,0.4137821587906236,1.2015102616305366,-1.0652314305176,0.8441846805410814,-2.1300103026530053,1.4779889097324042,0.0,0.0,0.0038050880665432274,0.0,0.0,0.0,0.0,0.0,0.0,0.0,0.0,0.0
4.55048055324794,-1.866181256487985,1.902273744372881,1.9853559961934295,0.4137821587906236,1.2015102616305366,-1.0652314305176,0.8441846805410814,-2.1300103026530053,1.4779889097324042,0.01637723258984547,0.023869376909884332,0.0,0.037030714743839344,0.028704840822995514,0.02233610703626887,0.024193478002915825,0.0020821841184688328,-0.02492841458053463,-0.008201938248937002,0.012030208783981644,0.01896167796848003
-0.04183252770373474,-2.34216574438373,0.18488676002465543,0.29468295638281616,-0.4015767094074683,1.6716742685455337,-0.9004294667974422,0.8412205270212307,-1.1076528158144558,0.6115579532813409,0.0,0.0,-0.003790664255221343,0.0,0.0,0.0,0.0,0.0,0.0,0.0,0.0,0.0
-0.04183252770373474,-2.34216574438373,0.18488676002465543,0.29468295638281616,-0.4015767094074683,1.6716742685455337,-0.9004294667974422,0.8412205270212307,-1.1076528158144558,0.6115579532813409,0.011887823120285246,0.00016400872296062907,0.0,0.009873441464416821,-0.0006488154404298285,-0.005614741466662965,0.02047247949066966,0.009271035037925701,0.02157113965652324,0.028148639401545772,0.01436345493206792,0.013895866390977396
-2.5561604096019472,-4.811148736548336,-5.165829588524154,-3.1594468707842736,-2.8417373257446137,4.042666139102736,-1.0130265972368615,-0.7836134718814483,-2.0379118766422493,1.3640653215530794,0.0,0.0,0.026065369560451357,0.0,0.0,0.0,0.0,0.0,0.0,0.0,0.0,0.0
-2.5561604096019472,-4.811148736548336,-5.165829588524154,-3.1594468707842736,-2.8417373257446137,4.042666139102736,-1.0130265972368615,-0.7836134718814483,-2.0379118766422493,1.3640653215530794,0.006357100604798438,0.007715177993141031,0.0,0.009287835187213433,0.0016233353693488883,0.006137187595921079,0.013227132504784134,-0.0026923924326768267,-0.0018250205131764563,-0.0071152578663165045,0.004980451247601936,0.010338739686448495
-4.613652105206859,-4.224396730835829,-2.147570693473198,-1.4175144002659918,-1.3906676036631707,0.7210332303622065,-0.5519574822214481,-0.19435625187945868,-1.3523216472661275,-0.5035550322797334,0.0,0.0,0.005149574381109634,0.0,0.0,0.0,0.0,0.0,0.0,0.0,0.0,0.0
-4.613652105206859,-4.224396730835829,-2.147570693473198,-1.4175144002659918,-1.3906676036631707,0.7210332303622065,-0.5519574822214481,-0.19435625187945868,-1.3523216472661275,-0.5035550322797334,0.010922313495973501,-0.005788671282443203,0.0,-0.012413904992984337,0.012584092809726277,0.017721973367688104,0.019306957646807676,0.0003462389144468503,0.009035458000977048,0.0018438516783485515,-0.003472687786535311,0.010062075257396108
-2.1973792761376707,-2.100687039184238,-0.021472932997994784,-0.3624477889945243,-0.03413194199651113,-0.42582661775306185,-0.382581292576783,1.135824860510586,-0.7761786312221951,0.10949385003331832,0.0,0.0,-0.00332779224319113,0.0,0.0,0.0,0.0,0.0,0.0,0.0,0.0,0.0
-2.1973792761376707,-2.100687039184238,-0.021472932997994784,-0.3624477889945243,-0.03413194199651113,-0.42582661775306185,-0.382581292576783,1.135824860510586,-0.7761786312221951,0.10949385003331832,0.005479241414659164,-0.014497584161652699,0.0,0.0225951547002603,-0.005147941537309131,0.003975476345465134,0.012635419739908116,0.003521179946054165,0.0013085609427698763,0.006581976216904817,0.012819345473357169,0.0009455731248384502
0.27243620816883335,-1.4847947946737505,0.2651797729833604,0.9318569097395465,0.6299974338897102,-0.24004802957523713,-0.41927116649529805,0.8551249846626243,-1.2890414661075935,0.12101005083977788,0.0,0.0,0.023186629392815572,0.0,0.0,0.0,0.0,0.0,0.0,0.0,0.0,0.0
0.27243620816883335,-1.4847947946737505,0.2651797729833604,0.9318569097395465,0.6299974338897102,-0.24004802957523713,-0.41927116649529805,0.8551249846626243,-1.2890414661075935,0.12101005083977788,0.013072095998858169,0.017552744766629713,0.0,-0.010806237931386464,0.0006468224965610059,0.012718765273524557,0.02009090794805779,0.0161082933399741,0.03318526302226443,0.03222792555283638,0.01673640167364021,0.00401487360220143
-5.5999877656043475,-3.1315436370725065,0.918737886259154,0.13313497778415057,0.04164498667061945,-0.4616320705171287,-0.2787975970075119,0.5473271668400306,-1.0466651519084362,-0.4812363723633624,0.0,0.0,0.027556199082397814,0.0,0.0,0.0,0.0,0.0,0.0,0.0,0.0,0.0
-5.5999877656043475,-3.1315436370725065,0.918737886259154,0.13313497778415057,0.04164498667061945,-0.4616320705171287,-0.2787975970075119,0.5473271668400306,-1.0466651519084362,-0.4812363723633624,0.002417410183917834,-0.011500020906170305,0.0,-0.037311097662782955,-0.00517123510128914,-0.005449949677453825,0.01471940861901011,0.005022682595791306,0.012898176597444966,0.02835589790807891,-0.002775398301758103,0.0014897251722809646
-7.351706372825933,-2.0724601919603245,1.0377272073067043,0.9781494973122148,-0.11214399410417,-0.7707997482374882,0.018569688864711133,1.1874086983041559,-1.2248667203491472,0.03979417575306695,0.0,0.0,-0.017466508781027956,0.0,0.0,0.0,0.0,0.0,0.0,0.0,0.0,0.0
-7.351706372825933,-2.0724601919603245,1.0377272073067043,0.9781494973122148,-0.11214399410417,-0.7707997482374882,0.018569688864711133,1.1874086983041559,-1.2248667203491472,0.03979417575306695,-0.012178977998306917,-0.020608307952277527,0.0,-0.03701123424468045,-0.005848018883788608,-0.010841492651982865,0.001328318432730402,-0.0020299356127615464,-0.006241920108645993,0.016280441292181758,-0.02917462133647164,-0.02137313522933748
-8.120205005725506,-1.7158895576847815,0.7272615186733657,1.38317786950041,0.0807910669198366,-0.486561917721287,-0.235081251038956,0.9695040799824117,-0.6912016455423834,0.11015403017165028,0.0,0.0,-0.03196246492444088,0.0,0.0,0.0,0.0,0.0,0.0,0.0,0.0,0.0
-8.120205005725506,-1.7158895576847815,0.7272615186733657,1.38317786950041,0.0807910669198366,-0.486561917721287,-0.235081251038956,0.9695040799824117,-0.6912016455423834,0.11015403017165028,0.019226217269650236,0.03444772927986839,0.0,-0.014503330112153212,0.014052392075579068,0.014813990868796312,0.026423032237195887,0.004381638401964372,0.003014790494586972,-0.006927169025554125,0.026591651361660862,0.030959707761824662
-1.9457155597604463,-0.8705274072319253,0.6588641166333457,1.6826087610276927,0.3858124607456903,-0.8864190903812087,-0.1332571365075932,0.6773857194042154,-1.2727372773213699,0.41253225271088373,0.0,0.0,0.03617130378263611,0.0,0.0,0.0,0.0,0.0,0.0,0.0,0.0,0.0
-1.9457155597604463,-0.8705274072319253,0.6588641166333457,1.6826087610276927,0.3858124607456903,-0.8864190903812087,-0.1332571365075932,0.6773857194042154,-1.2727372773213699,0.41253225271088373,0.009221671206538273,-0.007546052302991324,0.0,0.00938188019164854,0.0032226473934888755,0.005815458793810624,0.009044693474298704,0.007167405938032889,0.037074242999889595,0.01613117873773784,0.0,0.023434486994974302
-5.432904030714801,-2.2117805006711797,1.0724181304777338,0.7428653689312341,0.1550547640190832,-0.6252983551819178,-0.2029582986136568,0.4329613437813097,-1.3210721985706342,-0.018610150995885113,0.0,0.0,0.01933400923178019,0.0,0.0,0.0,0.0,0.0,0.0,0.0,0.0,0.0
-5.432904030714801,-2.2117805006711797,1.0724181304777338,0.7428653689312341,0.1550547640190832,-0.6252983551819178,-0.2029582986136568,0.4329613437813097,-1.3210721985706342,-0.018610150995885113,-0.0003260537389916385,0.001983533949102556,0.0,-0.001457864099655426,-0.0019274457153278801,-0.0087314044288761,0.0019698568773760528,-0.0015471096229471293,0.007487968584549698,0.007723159586977557,-0.004622005200322521,0.003260330423752178
-23.094771808503808,-4.880531689763906,2.1039327943947703,-0.6258737892356896,-1.1991190185006428,-1.2269836366511386,-0.06746315689898372,0.9028378316685868,-0.2338228899548239,-0.8823164837753396,0.0,0.0,-0.01440091192810189,0.0,0.0,0.0,0.0,0.0,0.0,0.0,0.0,0.0
-23.094771808503808,-4.880531689763906,2.1039327943947703,-0.6258737892356896,-1.1991190185006428,-1.2269836366511386,-0.06746315689898372,0.9028378316685868,-0.2338228899548239,-0.8823164837753396,-0.11705005796260048,-0.12075213996291279,0.0,-0.1730242353384227,-0.12037329641707684,-0.11391518450993243,-0.13782911281795618,-0.08335909030175992,-0.09566078064167705,-0.08699949803347462,-0.09238666868792278,-0.11895385695277205
-21.608988433467523,-4.155106835061367,1.499571951026799,-0.06125284010777367,-0.961378664318914,-1.6476496034213413,-1.5086751288065152,0.793623342903902,-0.38307612733338536,-0.8702388176804158,0.0,0.0,-0.0955097883916809,0.0,0.0,0.0,0.0,0.0,0.0,0.0,0.0,0.0
-21.608988433467523,-4.155106835061367,1.499571951026799,-0.06125284010777367,-0.961378664318914,-1.6476496034213413,-1.5086751288065152,0.793623342903902,-0.38307612733338536,-0.8702388176804158,0.016638028980964892,0.03114442408908702,0.0,-0.0061797063554712706,-0.0321991929416785,-0.018135321016507278,0.03568985259248025,0.048512421768334146,0.03844169792800556,0.051764273826096385,0.04103602518243954,-0.0012010450807685702
-25.83464528514334,-5.221993560613935,1.9398998292858611,-0.8429861635568258,-1.6295849518117282,-1.3398644566356632,-0.5604029220118635,0.6377941275753731,0.36054811875445203,-0.9982172657304843,0.0,0.0,-0.018518522941838977,0.0,0.0,0.0,0.0,0.0,0.0,0.0,0.0,0.0
-25.83464528514334,-5.221993560613935,1.9398998292858611,-0.8429861635568258,-1.6295849518117282,-1.3398644566356632,-0.5604029220118635,0.6377941275753731,0.36054811875445203,-0.9982172657304843,-0.1796930440532103,-0.20924298074983005,0.0,-0.34554749376009175,-0.22986774182828018,-0.2012585981402435,-0.1704282659469366,-0.1589551049603528,-0.17130480010719573,-0.19169380115005408,-0.13197522353535185,-0.1726210570069473
-25.189186824570612,-4.615935487082056,1.2460315887966686,-0.5534369062962168,-1.755007337911656,-1.297356011417009,-1.5772793969032126,0.37389773204291515,0.31956436858491827,-0.6920990598023754,0.0,0.0,-0.07286226420665742,0.0,0.0,0.0,0.0,0.0,0.0,0.0,0.0,0.0
-25.189186824570612,-4.615935487082056,1.2460315887966686,-0.5534369062962168,-1.755007337911656,-1.297356011417009,-1.5772793969032126,0.37389773204291515,0.31956436858491827,-0.6920990598023754,-0.030631612539299025,-0.02922238300151836,0.0,-0.13098058608257157,-0.03730962627425549,-0.07314155766265029,-0.00663540485980163,0.03296896714617259,-0.11306223825954498,-0.05028357709758913,-0.02984180555888849,-0.06061843964062952
-23.476367747187115,-4.412774726694153,1.4439427582791442,-0.010080516920089716,-1.0396489971796032,-0.8894926486456871,-1.3292789323674843,0.16724213034577537,0.21409991897658764,-0.2763562375608735,0.0,0.0,-0.12924852875514914,0.0,0.0,0.0,0.0,0.0,0.0,0.0,0.0,0.0
-23.476367747187115,-4.412774726694153,1.4439427582791442,-0.010080516920089716,-1.0396489971796032,-0.8894926486456871,-1.3292789323674843,0.16724213034577537,0.21409991897658764,-0.2763562375608735,0.08602548446812186,0.08840938859101732,0.0,0.18664567184221914,0.1050486649307536,0.13620406152192732,0.09966564336687633,-0.002412304854579883,0.08127826219531964,0.06623035401446198,0.05592722123549354,0.12099411107181512
-19.600656817454308,-3.2938317249264455,0.6966122262768197,1.009245977732821,-0.8008098437171026,-0.3847231569324119,-2.1193423526545003,-0.5676781986281388,0.41897430294494953,0.07636570347862637,0.0,0.0,0.06315237865080081,0.0,0.0,0.0,0.0,0.0,0.0,0.0,0.0,0.0
-19.600656817454308,-3.2938317249264455,0.6966122262768197,1.009245977732821,-0.8008098437171026,-0.3847231569324119,-2.1193423526545003,-0.5676781986281388,0.41897430294494953,0.07636570347862637,-0.03020359598888478,-0.04286352939698024,0.0,0.014302913501943904,-0.06737753618072995,-0.06403175356920787,-0.0433842781910706,0.027427834820823227,-0.04364211469430557,-0.020445845058783663,0.013183736960248327,-0.0684439906082509
-20.792947258529214,-3.769893168745281,0.7416479388873278,0.6526456441581779,-0.5383322867357863,-0.2479331874044476,-1.9253040795046268,-0.7726372787168536,0.08080410199010463,-0.31246706524654877,0.0,0.0,-0.011488405925314304,0.0,0.0,0.0,0.0,0.0,0.0,0.0,0.0,0.0
-20.792947258529214,-3.769893168745281,0.7416479388873278,0.6526456441581779,-0.5383322867357863,-0.2479331874044476,-1.9253040795046268,-0.7726372787168536,0.08080410199010463,-0.31246706524654877,0.10471369387126184,0.17773730047878722,0.0,0.12470969590561398,0.16666664907189888,0.1071802801445747,0.08770551484799727,0.058448655460749066,0.20236869780438238,0.13256384801697974,0.08290502344964379,0.13429025378264603
-18.395431119871112,-3.6498246918626616,0.09736549483876726,1.3492815168098187,0.43425121901135105,-0.5755695452517976,-2.5789742759593604,-1.362008097446659,-0.3390687578781285,0.8452694349080251,0.0,0.0,0.10486340439455,0.0,0.0,0.0,0.0,0.0,0.0,0.0,0.0,0.0
-18.395431119871112,-3.6498246918626616,0.09736549483876726,1.3492815168098187,0.43425121901135105,-0.5755695452517976,-2.5789742759593604,-1.362008097446659,-0.3390687578781285,0.8452694349080251,0.00323489564837387,-0.060287616095233476,0.0,-0.09495714250574938,-0.09024803947783355,-0.04666252093886025,0.03392013353191281,0.02511619957576472,-0.058260373749264294,-0.03600174333660211,0.04112621864922161,0.02821498947305323
-16.219272537731893,-3.6041195380663082,0.4834094343226193,1.1098529471482144,-0.3588220137700032,-1.185274723574916,-2.3807466670500883,-2.488752741352693,1.855376821053954,1.1390295600036187,0.0,0.0,0.03951065366323925,0.0,0.0,0.0,0.0,0.0,0.0,0.0,0.0,0.0
-16.219272537731893,-3.6041195380663082,0.4834094343226193,1.1098529471482144,-0.3588220137700032,-1.185274723574916,-2.3807466670500883,-2.488752741352693,1.855376821053954,1.1390295600036187,-7.17681270274717e-05,0.01593526525354516,0.0,0.12544798207264973,0.007521849708223005,0.01343964250057006,-0.014757740102661954,-0.02517198420429778,-0.014943199593366097,-0.011596307436987918,0.0023296238037184835,0.006290407167325984
-15.205955856887378,-2.81374692358861,-0.449456599355297,1.9247847686002688,0.17622211830963994,-1.2343669904959012,-1.9271713570428468,-1.2186102309361628,-0.39303690085159604,1.6222593994210606,0.0,0.0,0.005163929301562842,0.0,0.0,0.0,0.0,0.0,0.0,0.0,0.0,0.0
-15.205955856887378,-2.81374692358861,-0.449456599355297,1.9247847686002688,0.17622211830963994,-1.2343669904959012,-1.9271713570428468,-1.2186102309361628,-0.39303690085159604,1.6222593994210606,0.04084848589821166,0.05683441131353306,0.0,0.10017389982679603,0.06346293916383527,0.05124414111950282,0.05323217092692478,0.0029263393740632804,0.02912580470362225,-0.012077287850582152,0.007781011670164872,0.05635100852291042
-12.941848316492164,-2.690568380605585,-0.8829541990691137,1.7419922565314083,-0.016880020492092175,-1.244555064942371,-2.0258223421581545,-1.6494110265877016,-0.7868175869058234,1.2869658550222254,0.0,0.0,0.018906980831382647,0.0,0.0,0.0,0.0,0.0,0.0,0.0,0.0,0.0
-12.941848316492164,-2.690568380605585,-0.8829541990691137,1.7419922565314083,-0.016880020492092175,-1.244555064942371,-2.0258223421581545,-1.6494110265877016,-0.7868175869058234,1.2869658550222254,-0.009639094169060392,-0.012143463556251288,0.0,-0.023947582994330308,-0.042562537688964674,-0.04095912503061683,0.021879518055436753,-0.024201625660281834,-0.03449250951336924,-0.038595968870070885,-0.008322667602415512,-0.013550513179278023
-11.625934250345066,-2.8187507322025396,-1.6967808691197481,1.5153164700485513,0.5108525814224063,-1.5013924937685286,-2.6645415621706263,-1.7623853905647588,-1.138966551007966,1.2747332845376147,0.0,0.0,0.045986238821084324,0.0,0.0,0.0,0.0,0.0,0.0,0.0,0.0,0.0
-11.625934250345066,-2.8187507322025396,-1.6967808691197481,1.5153164700485513,0.5108525814224063,-1.5013924937685286,-2.6645415621706263,-1.7623853905647588,-1.138966551007966,1.2747332845376147,-0.00942010404788729,-0.01600001068425827,0.0,-0.025882966412512975,-0.028872537251727892,-0.03101677917058021,-0.004389387653559673,0.0007035781022151077,-0.05068706740969975,0.009082683254911794,0.0068756859401866155,-0.007563942331246132
-12.994629419516276,-3.0892507374506057,-2.0016982283466915,0.9692965722759341,0.019885031402899125,-1.30889266561184,-2.675008825886592,-1.1240753120317315,-1.3470828468098366,1.0953204873536686,0.0,0.0,-0.011762411092611336,0.0,0.0,0.0,0.0,0.0,0.0,0.0,0.0,0.0
-12.994629419516276,-3.0892507374506057,-2.0016982283466915,0.9692965722759341,0.019885031402899125,-1.30889266561184,-2.675008825886592,-1.1240753120317315,-1.3470828468098366,1.0953204873536686,0.034775788337796154,0.05115994678908131,0.0,0.07168562225856134,0.038225572119117146,0.0707223847332108,0.03376352941115823,0.006679448912046082,0.029269713645362794,0.0055806360573456,-0.0017072674428861845,0.06360051057087435
-11.624367234206776,-3.3746979575558456,-2.7443292443426284,0.587439540451356,-0.3148387895321062,-1.2377949434278592,-2.6604715676127104,-1.393240181895315,-1.823420033469629,1.229659387460722,0.0,0.0,0.04799984524245593,0.0,0.0,0.0,0.0,0.0,0.0,0.0,0.0,0.0
-11.624367234206776,-3.3746979575558456,-2.7443292443426284,0.587439540451356,-0.3148387895321062,-1.2377949434278592,-2.6604715676127104,-1.393240181895315,-1.823420033469629,1.229659387460722,0.027434650038898445,0.04584034745950105,0.0,0.005681537761748956,0.07636345033117231,0.06573804096496505,0.006344753729346619,0.033176115427109965,0.0890623727009221,0.060329223161847745,0.023840620417300507,0.019191201328016882
-13.430159481509481,-3.345564262951581,-1.9501938551053948,0.03764225966885556,0.025550465897047805,-1.2590376500255147,-2.0582087596336636,-0.22619456878830574,-0.6288193839777676,0.6779510152715271,0.0,0.0,0.005771938965701606,0.0,0.0,0.0,0.0,0.0,0.0,0.0,0.0,0.0
-13.430159481509481,-3.345564262951581,-1.9501938551053948,0.03764225966885556,0.025550465897047805,-1.2590376500255147,-2.0582087596336636,-0.22619456878830574,-0.6288193839777676,0.6779510152715271,0.027692373259664782,0.05230885781443373,0.0,0.07190571554041458,0.06841216367130087,0.05947995090447322,0.02129228906871594,0.00709828763074416,0.02553804956595962,0.020091184547595287,-0.002063193394295948,0.03588169061429913
-18.108373048352174,-3.936209673998997,-0.9229620202264717,-0.2733225230003434,-0.36041106947627766,-1.5224925791223394,-1.3199777821882934,0.23233659763159634,-0.5219406927956918,0.018407937989779594,0.0,0.0,0.027582241015303932,0.0,0.0,0.0,0.0,0.0,0.0,0.0,0.0,0.0
-18.108373048352174,-3.936209673998997,-0.9229620202264717,-0.2733225230003434,-0.36041106947627766,-1.5224925791223394,-1.3199777821882934,0.23233659763159634,-0.5219406927956918,0.018407937989779594,-0.03452589000463091,-0.07456265231321779,0.0,-0.06947741559708065,-0.08577082502356004,-0.06418054698555464,-0.006780836574915683,-0.024836519945271918,-0.03609381033231218,-0.026481329034245937,-0.04528896527962134,-0.03175238726414986
-14.515815008986142,-3.433303688397676,-1.9509195446938337,0.1744179454388729,-0.29702684490498815,-1.4413845435978618,-2.1544741342817084,-0.08942963764555299,-0.6551879020550615,0.32526507593581533,0.0,0.0,-0.02504055010930617,0.0,0.0,0.0,0.0,0.0,0.0,0.0,0.0,0.0
-14.515815008986142,-3.433303688397676,-1.9509195446938337,0.1744179454388729,-0.29702684490498815,-1.4413845435978618,-2.1544741342817084,-0.08942963764555299,-0.6551879020550615,0.32526507593581533,0.03715775110679287,0.043711510307351764,0.0,0.03450035632360682,0.0436662342486247,0.038216516844293835,0.049011554594649454,0.031319978314088726,0.036574629103612866,0.005610585520531508,0.029081133835507034,0.03440507815913829
-13.189465826115907,-3.098700703393613,-2.206300680764369,0.22602390816333023,-0.05868761602655731,-1.285692450002335,-1.7545499504228572,0.006375549165434467,-0.7352872633569826,0.40010587948817133,0.0,0.0,0.02623808921692028,0.0,0.0,0.0,0.0,0.0,0.0,0.0,0.0,0.0
-13.189465826115907,-3.098700703393613,-2.206300680764369,0.22602390816333023,-0.05868761602655731,-1.285692450002335,-1.7545499504228572,0.006375549165434467,-0.7352872633569826,0.40010587948817133,-0.014208253995357967,-0.01952078513129818,0.0,-0.058735759644746977,-0.02278375180754566,-0.038521941025407624,0.006119656323069211,-0.026864617678871827,-0.03892448861416287,-0.057143086019342815,-0.010822665070164939,-0.012930422345150516
-13.17737829233806,-3.5486796858692076,-2.379246234999172,-0.08149015843253538,-0.21658764562571806,-1.0200160204116295,-1.780235255332465,-0.2561506518966046,-1.0999755848879442,0.5582241056451958,0.0,0.0,-0.05527552719861284,0.0,0.0,0.0,0.0,0.0,0.0,0.0,0.0,0.0
-13.17737829233806,-3.5486796858692076,-2.379246234999172,-0.08149015843253538,-0.21658764562571806,-1.0200160204116295,-1.780235255332465,-0.2561506518966046,-1.0999755848879442,0.5582241056451958,0.020347634735983,0.04698843269815578,0.0,-3.0952619293866945e-05,-0.020070802041087576,0.028138324447146035,0.019116782978103597,0.019370554768003423,0.04645398006137347,0.046860406135120325,0.03363781434088775,0.02439728379699213
-10.142932940237143,-2.0762083373528633,-3.057920639592048,0.663173025307687,0.3145942901781892,-1.3330541070505082,-1.9474563799146305,0.30167429031971843,-0.6616584146602185,1.2910175862919722,0.0,0.0,0.05415555759012869,0.0,0.0,0.0,0.0,0.0,0.0,0.0,0.0,0.0
-10.142932940237143,-2.0762083373528633,-3.057920639592048,0.663173025307687,0.3145942901781892,-1.3330541070505082,-1.9474563799146305,0.30167429031971843,-0.6616584146602185,1.2910175862919722,0.0068861305374963155,-0.009212733415105312,0.0,-0.07766487737616379,-0.01262528226661852,-0.026674261864753968,0.026978307115789635,0.003560124481299942,-0.019079518891070513,-0.020725492515770494,-0.006397832256176961,0.017219159680919915
-9.70929358772041,-1.4870895741679464,-3.3109383137439736,0.837517674693623,0.8450759565519831,-1.5490092744838775,-2.120588693427862,0.38482483086930885,-0.5256151125653304,1.4127582908510332,0.0,0.0,0.045289809665315595,0.0,0.0,0.0,0.0,0.0,0.0,0.0,0.0,0.0
-9.70929358772041,-1.4870895741679464,-3.3109383137439736,0.837517674693623,0.8450759565519831,-1.5490092744838775,-2.120588693427862,0.38482483086930885,-0.5256151125653304,1.4127582908510332,0.020389503999503455,0.0640352308454557,0.0,0.08042977212683233,0.06481469208778412,0.06598145435675962,-0.01664997040375471,0.03479707100401619,-0.012013806671602012,0.03844821512002672,0.034769926367723025,0.020722516650536038
-9.257708575171925,-0.9313096347194102,-3.821374480689069,0.5739104491197722,1.6227408002420671,-1.8374631921563223,-2.5100825388654657,0.016633537623809664,-0.7101964794739267,1.9998669419253956,0.0,0.0,-0.005025918661561768,0.0,0.0,0.0,0.0,0.0,0.0,0.0,0.0,0.0
-9.257708575171925,-0.9313096347194102,-3.821374480689069,0.5739104491197722,1.6227408002420671,-1.8374631921563223,-2.5100825388654657,0.016633537623809664,-0.7101964794739267,1.9998669419253956,0.0067643398888384,0.016982714384873976,0.0,0.013706256864513433,0.007453575212629682,0.011876489795700662,0.0016933235122718049,0.015507774777452354,0.011580638316330827,0.030570456209803032,0.017327364571371406,0.006172209142057072
-7.557097201772617,-0.07883627593666184,-3.863114233378668,0.6182171853323315,2.734823405941115,-1.7973757727397146,-2.9458185206017813,0.2958019513855694,-0.6463786555200836,2.776157079522582,0.0,0.0,-0.009754355001831305,0.0,0.0,0.0,0.0,0.0,0.0,0.0,0.0,0.0
-7.557097201772617,-0.07883627593666184,-3.863114233378668,0.6182171853323315,2.734823405941115,-1.7973757727397146,-2.9458185206017813,0.2958019513855694,-0.6463786555200836,2.776157079522582,0.0030961667241127255,-0.022373715579801168,0.0,-0.04029709778672885,-0.012741592533604962,-0.005799649735134693,0.011738111076512237,0.008840799916013387,0.038924123158570856,0.0008239958063036568,-0.0012234144882190545,0.00731701193191725
-7.513707807670856,-0.2560426487096449,-4.322101219319999,0.4622480533975023,3.1763428100062656,-1.7366973282528857,-3.3470954311442473,0.7138940886237681,-0.4570133550139778,2.048731229724268,0.0,0.0,0.022515442316811907,0.0,0.0,0.0,0.0,0.0,0.0,0.0,0.0,0.0
-7.513707807670856,-0.2560426487096449,-4.322101219319999,0.4622480533975023,3.1763428100062656,-1.7366973282528857,-3.3470954311442473,0.7138940886237681,-0.4570133550139778,2.048731229724268,0.03201059347773394,0.019900619668336672,0.0,0.025690398355145305,0.012489712243891393,0.02597237574029787,0.07165401862009624,0.006532784544743819,-0.007989048065745519,-0.00543399897594965,-0.0006596289500816477,0.028468703944810825
-8.488195899679608,-0.5778576856855765,-4.216420855890227,0.3460814045639212,2.0333033155288205,-1.160630415095358,-3.0164033048181946,0.13489376154650104,-0.38090229943328946,1.6390488170718978,0.0,0.0,0.030964824615711706,0.0,0.0,0.0,0.0,0.0,0.0,0.0,0.0,0.0
-8.488195899679608,-0.5778576856855765,-4.216420855890227,0.3460814045639212,2.0333033155288205,-1.160630415095358,-3.0164033048181946,0.13489376154650104,-0.38090229943328946,1.6390488170718978,0.007477225607964488,0.01723563627221969,0.0,0.018853033765320548,0.03124995137832287,0.04548533969417945,-0.012991534354430678,0.015830501983824963,-0.006665067961468818,0.0084439300705903,0.008862251388067177,0.024470651739067817
-6.304773154176414,0.015438411422482007,-4.428576472375572,0.9922748011785946,2.6039659973646385,-0.9982579036331475,-2.799012683004485,-0.0623654363981461,-0.06349979078826305,2.1366538406228095,0.0,0.0,-0.0016685367405253615,0.0,0.0,0.0,0.0,0.0,0.0,0.0,0.0,0.0
-6.304773154176414,0.015438411422482007,-4.428576472375572,0.9922748011785946,2.6039659973646385,-0.9982579036331475,-2.799012683004485,-0.0623654363981461,-0.06349979078826305,2.1366538406228095,0.004305089755019642,-0.004955105703186469,0.0,-0.04150153130224965,-0.028708156831071308,-0.014113754108310395,0.021937722989822328,-0.00046755396245967695,0.0002797968900885017,-0.026104282566372317,-0.002803519241487362,0.01274340006295116
-8.034927416701471,-0.4987682001232381,-3.616917097079139,1.8761368931775206,2.6999284844575855,-0.6122237474160066,-2.682054021615967,0.29308643981445,0.0808613207665392,2.0918081381845592,0.0,0.0,0.015376771884249019,0.0,0.0,0.0,0.0,0.0,0.0,0.0,0.0,0.0
-8.034927416701471,-0.4987682001232381,-3.616917097079139,1.8761368931775206,2.6999284844575855,-0.6122237474160066,-2.682054021615967,0.29308643981445,0.0808613207665392,2.0918081381845592,0.02970895293977671,0.015582199773954475,0.0,-0.01268639410495187,0.03694608041238734,0.025085395106176467,0.04834261903342818,0.016370254694273223,0.014253823571076074,-0.007079993699292353,0.009839942739885199,0.02832976386453212
-13.821440515778555,-1.1852139436539566,-2.134064011643351,1.5612811449613286,1.998467490854267,-0.6621708529130317,-1.7295944283243252,0.9116657762846913,0.3423278262684244,1.201164219854083,0.0,0.0,0.04625519336869521,0.0,0.0,0.0,0.0,0.0,0.0,0.0,0.0,0.0
-13.821440515778555,-1.1852139436539566,-2.134064011643351,1.5612811449613286,1.998467490854267,-0.6621708529130317,-1.7295944283243252,0.9116657762846913,0.3423278262684244,1.201164219854083,-0.008440137424655103,0.018665089589805506,0.0,-0.02290492519600107,-0.006334350582178683,-0.004996779153764175,-0.018838454159041396,0.007669986489337699,0.002479933790697997,0.013751892586324033,-0.012064054339578245,-0.004479856429597029
-10.184924002483879,-1.295978616158815,-2.1509565532870836,1.9901945596649244,1.845381366550752,-0.30740332277845783,-2.3417221053508714,0.25581739811155957,-0.20966813386570918,0.946344608525586,0.0,0.0,-0.028004976013118466,0.0,0.0,0.0,0.0,0.0,0.0,0.0,0.0,0.0
-10.184924002483879,-1.295978616158815,-2.1509565532870836,1.9901945596649244,1.845381366550752,-0.30740332277845783,-2.3417221053508714,0.25581739811155957,-0.20966813386570918,0.946344608525586,-0.033295680038358255,-0.0023292066004999556,0.0,-0.06832460718775313,-0.02231071873296686,-0.014035714132995758,-0.049753834353022275,-0.02131198507276999,-0.019516171099853707,-0.015407568324447118,-0.021416620372931683,-0.02035210827033651
-4.009957725419854,0.8232883416002535,-3.0310732280255666,4.296604125754813,4.088722693895435,-0.08371229685192196,-2.4984000966983686,0.17678560695563245,-0.08783441903063059,2.6816118842004504,0.0,0.0,-0.03237294480304942,0.0,0.0,0.0,0.0,0.0,0.0,0.0,0.0,0.0
-4.009957725419854,0.8232883416002535,-3.0310732280255666,4.296604125754813,4.088722693895435,-0.08371229685192196,-2.4984000966983686,0.17678560695563245,-0.08783441903063059,2.6816118842004504,0.005840056975972896,0.040778306645423035,0.0,0.042958028439343376,0.007742449244519722,0.040485912046272166,-0.0009664884398040696,-0.00015581207882686687,0.018222435408938198,0.013267454632818643,0.014590380053907115,0.0004798317570764432
-8.97765196816974,-0.46073655587892187,-1.205490606502878,2.600877817964244,1.6701358000963757,-0.008889924404687504,-2.1109259973546433,0.18555314178399412,-0.10370274528413177,0.7832743503031715,0.0,0.0,-0.017397210975008237,0.0,0.0,0.0,0.0,0.0,0.0,0.0,0.0,0.0
-8.97765196816974,-0.46073655587892187,-1.205490606502878,2.600877817964244,1.6701358000963757,-0.008889924404687504,-2.1109259973546433,0.18555314178399412,-0.10370274528413177,0.7832743503031715,-0.03674368054374333,-0.07417386390958292,0.0,-0.11150348345177119,-0.05984631521268924,-0.05409827677854173,-0.021456057426760156,-0.024424294490353993,-0.06360101263181062,-0.030216665392396314,-0.04077600620822619,-0.02638431960617582
-8.620341094109486,-1.1975912248898024,-1.1657393105757383,2.275946068621229,1.8894019033187446,-0.052819528641390855,-2.120242549227068,-0.05676773643522492,-0.21544784529363267,0.47543716420081106,0.0,0.0,-0.003745187563734209,0.0,0.0,0.0,0.0,0.0,0.0,0.0,0.0,0.0
-8.620341094109486,-1.1975912248898024,-1.1657393105757383,2.275946068621229,1.8894019033187446,-0.052819528641390855,-2.120242549227068,-0.05676773643522492,-0.21544784529363267,0.47543716420081106,0.04602526192227829,0.018178487100879437,0.0,-0.022927288483199693,0.0426929851210498,0.022403288048270964,0.06210651512694931,0.03402711630829103,0.06044662621091379,0.04718434487318146,0.04091146591024786,0.05030858691921947
-9.724789404731073,-1.5383522593673464,-0.9075536052940654,2.0915363478762776,1.3802499800359072,-0.05220324094341473,-2.1857930021448873,0.22534027032478457,-0.5000808787805897,0.1569974611683138,0.0,0.0,0.011362680406589387,0.0,0.0,0.0,0.0,0.0,0.0,0.0,0.0,0.0
-9.724789404731073,-1.5383522593673464,-0.9075536052940654,2.0915363478762776,1.3802499800359072,-0.05220324094341473,-2.1857930021448873,0.22534027032478457,-0.5000808787805897,0.1569974611683138,0.019997718609918502,0.05196022887953955,0.0,0.07785066059424839,0.04520919475124274,0.04768743914051243,0.003730920608857602,0.011945282862730222,0.03291447229943545,0.05851972686970064,0.02159432628144331,0.01954359793522986
-8.700144085634,-0.968833208431262,-2.1359160583010635,2.386534239724675,1.5126673466870406,0.4062687949825674,-2.3652287930288254,0.5114255210727596,-0.20945485435823305,0.6380265335601127,0.0,0.0,0.021503491822558285,0.0,0.0,0.0,0.0,0.0,0.0,0.0,0.0,0.0
-8.700144085634,-0.968833208431262,-2.1359160583010635,2.386534239724675,1.5126673466870406,0.4062687949825674,-2.3652287930288254,0.5114255210727596,-0.20945485435823305,0.6380265335601127,0.010820974311717801,-0.002878795947396484,0.0,-0.012783851675203461,-0.009126924406257508,0.0074616634682918015,0.02618918912927537,0.014103760464789783,-0.02133396613127625,-0.002677450603590592,-0.004935172449390124,0.016072578941602522
-5.715507013841716,-0.570598076352698,-2.5636780834366766,2.551426896533987,2.415983712341346,0.5932605348373461,-3.139756671076735,0.3502423204390971,-0.7662678095127525,1.0021249470790607,0.0,0.0,0.007458986418472424,0.0,0.0,0.0,0.0,0.0,0.0,0.0,0.0,0.0
-5.715507013841716,-0.570598076352698,-2.5636780834366766,2.551426896533987,2.415983712341346,0.5932605348373461,-3.139756671076735,0.3502423204390971,-0.7662678095127525,1.0021249470790607,-0.008316778100930344,-0.0007598531409590548,0.0,-0.011330304732860341,0.008009580483758105,-0.001974842477090455,-0.02387426227975753,-0.013303084932377085,-0.023178543311519473,0.019740859433848623,0.005240206750667165,-0.016791184718301988
-12.609004590973969,-1.811500099552358,-0.38221712200517916,1.3920442924525036,1.0537785086912184,0.2686633583020381,-1.430724480126304,1.7749621892117544,-0.4723132054586525,-0.06751492210247956,0.0,0.0,0.021882173733546617,0.0,0.0,0.0,0.0,0.0,0.0,0.0,0.0,0.0
-12.609004590973969,-1.811500099552358,-0.38221712200517916,1.3920442924525036,1.0537785086912184,0.2686633583020381,-1.430724480126304,1.7749621892117544,-0.4723132054586525,-0.06751492210247956,-0.04245367865064065,-0.03862505016307183,0.0,-0.06483300874779252,-0.054827147092031514,-0.06048265547969578,-0.043855946553679415,-0.04274547045563604,-0.029096318582742753,-0.024779238489867628,-0.053341918100701324,-0.0362652482951229
-15.984862102626646,-2.9084908370045177,0.2562854653120012,0.3706539521892115,-0.04663770777715377,0.21362377666984936,-1.0637216985851357,0.9572240826673227,-0.050506837448193884,-0.2774481923846325,0.0,0.0,-0.04685241845855359,0.0,0.0,0.0,0.0,0.0,0.0,0.0,0.0,0.0
-15.984862102626646,-2.9084908370045177,0.2562854653120012,0.3706539521892115,-0.04663770777715377,0.21362377666984936,-1.0637216985851357,0.9572240826673227,-0.050506837448193884,-0.2774481923846325,0.06139780606918799,0.07291991107556628,0.0,0.03536417540014902,0.057587464108348696,0.06977354124170176,0.06862486547389657,0.03697178067693874,0.040733198504216306,0.020644459782694913,0.08053903764191195,0.04830322047239721
-15.071118176934926,-2.3881628849212886,-0.1054660166421119,0.5988951750973921,0.5404041296599602,0.4945699552270488,-1.2277550919527278,0.728319736854924,-0.2995694916810602,0.1174646566544153,0.0,0.0,0.07601362917910226,0.0,0.0,0.0,0.0,0.0,0.0,0.0,0.0,0.0
-15.071118176934926,-2.3881628849212886,-0.1054660166421119,0.5988951750973921,0.5404041296599602,0.4945699552270488,-1.2277550919527278,0.728319736854924,-0.2995694916810602,0.1174646566544153,0.008479691495551611,0.00014739493038851137,0.0,0.10551231202804923,0.056836072871200294,0.03248816628056317,-0.008006499398262257,0.028090683005498107,0.02516078174742531,0.01820458830932714,0.0076446889348660285,-0.014488990228770926
-9.73713247432222,-1.0805477652886812,-1.6127555397953481,1.53896259351742,2.063525036424572,1.4169152622942605,-2.2273079542619727,0.2466897889623205,-0.6542119148074247,0.6176635553696237,0.0,0.0,0.006436386419586215,0.0,0.0,0.0,0.0,0.0,0.0,0.0,0.0,0.0
-9.73713247432222,-1.0805477652886812,-1.6127555397953481,1.53896259351742,2.063525036424572,1.4169152622942605,-2.2273079542619727,0.2466897889623205,-0.6542119148074247,0.6176635553696237,0.012938524371497007,0.029185949971383573,0.0,0.10125405653271846,0.031214910342275637,0.04231263061629109,0.009818652860025479,0.004653841174053985,0.014180865537614107,-0.02918696215515071,-0.015083073255149126,0.023178754201642615
-15.142345419022286,-3.3002554108591413,-1.8016540868511857,-0.9633828901126849,0.0009501278513842634,3.029981953529598,-1.6166949538720505,-0.4895722778701798,-0.9628558488458344,1.5145490289125645,0.0,0.0,-0.003587696157919762,0.0,0.0,0.0,0.0,0.0,0.0,0.0,0.0,0.0
-15.142345419022286,-3.3002554108591413,-1.8016540868511857,-0.9633828901126849,0.0009501278513842634,3.029981953529598,-1.6166949538720505,-0.4895722778701798,-0.9628558488458344,1.5145490289125645,0.013639796072027144,0.021770818587873553,0.0,0.09361111970486258,0.0415752150501314,0.017380962760875418,0.005355816993052986,0.0001497858553907161,-0.008066835507648085,0.013694378947697983,-0.005593809942102457,0.021877496362489257
-8.676801221899328,-1.0590389712680621,-1.681385841509768,1.4307972972908773,2.5129118912198956,2.7055272702350313,-2.009990760393747,0.16487913221464862,-0.7782420491424377,1.7429302681761314,0.0,0.0,0.027394963136241124,0.0,0.0,0.0,0.0,0.0,0.0,0.0,0.0,0.0
-8.676801221899328,-1.0590389712680621,-1.681385841509768,1.4307972972908773,2.5129118912198956,2.7055272702350313,-2.009990760393747,0.16487913221464862,-0.7782420491424377,1.7429302681761314,0.011112242740934253,-0.013737390549321105,0.0,-0.02133595295125723,0.0024509929515468265,-0.00910409391427236,0.022785219472386098,0.002689449583044956,-0.001355272164255239,-0.021118187235832253,0.02683517066252117,0.0
-8.946143498321486,-0.6419529958977479,-1.9388464272489432,2.1563443699500504,4.0195300315163935,1.330754809153096,-1.3063617753175696,-0.4259265826044119,-0.07120566832846,1.4886566253989006,0.0,0.0,0.020570202279241112,0.0,0.0,0.0,0.0,0.0,0.0,0.0,0.0,0.0
-8.946143498321486,-0.6419529958977479,-1.9388464272489432,2.1563443699500504,4.0195300315163935,1.330754809153096,-1.3063617753175696,-0.4259265826044119,-0.07120566832846,1.4886566253989006,0.00010914370895753756,0.013502390005663889,0.0,0.07967828354544038,0.0041914499037101205,0.0045371173193833325,-0.0018432941287118698,0.0008938171502685943,-0.016015292277222537,-0.014276521755814842,0.006915181474423049,-0.0052574232184865455
-7.206969337250714,-0.5548640588609035,-2.4081963392777546,1.516404782002089,3.488468218444643,2.101562607425711,-1.9824827617313567,-0.9801161750122824,-0.27886348217109386,0.5090977629405284,0.0,0.0,-0.0005974749776268551,0.0,0.0,0.0,0.0,0.0,0.0,0.0,0.0,0.0
-7.206969337250714,-0.5548640588609035,-2.4081963392777546,1.516404782002089,3.488468218444643,2.101562607425711,-1.9824827617313567,-0.9801161750122824,-0.27886348217109386,0.5090977629405284,0.015024646418346332,0.00813325319082514,0.0,-0.036779029135019625,-0.000347817461789135,0.003048934227064759,0.03323699154437221,0.00908137711960566,0.02289663216344673,0.011104033238637623,0.007046052489890098,0.02368692101339831
-13.334026986836282,-2.812442780741658,-4.014184802611806,-0.6730802563615674,1.683709602172874,2.8806555887534477,-2.48287064592068,-2.624436996464156,-0.9397896421334382,0.7204315689989782,0.0,0.0,0.002540142172655635,0.0,0.0,0.0,0.0,0.0,0.0,0.0,0.0,0.0
-13.334026986836282,-2.812442780741658,-4.014184802611806,-0.6730802563615674,1.683709602172874,2.8806555887534477,-2.48287064592068,-2.624436996464156,-0.9397896421334382,0.7204315689989782,-0.008703977533570217,-0.004312431326068511,0.0,-0.04866475655384883,0.007306999077522969,-0.009343553067549526,0.002797156912699439,-0.015638566942546728,-0.031553552480279023,-0.025784109658740006,-0.012753484854074681,-0.017975917082110437
-13.628729024086972,-3.2676928911327634,-3.5133434926168965,-0.14495642627683844,2.734006849721444,1.6138071149316402,-2.5338471866940395,-2.8038105141583136,-0.9595226140272872,-0.21582456119320653,0.0,0.0,-0.012666078981111162,0.0,0.0,0.0,0.0,0.0,0.0,0.0,0.0,0.0
-13.628729024086972,-3.2676928911327634,-3.5133434926168965,-0.14495642627683844,2.734006849721444,1.6138071149316402,-2.5338471866940395,-2.8038105141583136,-0.9595226140272872,-0.21582456119320653,0.017543720723355527,0.016369263300921144,0.0,0.0075259063073083166,0.0237692576006725,0.010412606094870602,0.009785013969877632,0.01940474673569703,0.03128898439246108,0.03299919215345182,0.021868853281526546,0.02025572114599017
-14.058933603662323,-1.9157567112736302,-2.0222109803130732,0.6304475598148824,2.8991384350815776,0.719032611899682,-1.177327755303966,-1.5533646307665097,-0.21442139005940966,-0.6736273265938661,0.0,0.0,0.0200384986017772,0.0,0.0,0.0,0.0,0.0,0.0,0.0,0.0,0.0
-14.058933603662323,-1.9157567112736302,-2.0222109803130732,0.6304475598148824,2.8991384350815776,0.719032611899682,-1.177327755303966,-1.5533646307665097,-0.21442139005940966,-0.6736273265938661,0.013961774514950065,0.06202512901869417,0.0,0.09419540107249014,0.04952524169622663,0.014455044891305224,-0.000769397245899528,-0.013046462215915322,-0.0350110150717291,-0.014194469891323558,0.02988366800551079,0.02861043862284718
-13.631665665959346,-1.3585279422999867,-2.063099239949676,0.902747301590947,3.0687349739704244,0.423175986224593,-0.46702615883599885,-0.851428071146121,-0.1673420239177926,-0.5359458910532393,0.0,0.0,0.00014809985041552842,0.0,0.0,0.0,0.0,0.0,0.0,0.0,0.0,0.0
-13.631665665959346,-1.3585279422999867,-2.063099239949676,0.902747301590947,3.0687349739704244,0.423175986224593,-0.46702615883599885,-0.851428071146121,-0.1673420239177926,-0.5359458910532393,-0.0016882592294149568,-0.005853203724461076,0.0,0.07258266415459569,0.01680663627395762,0.001892425758664107,-0.009082397626941852,-0.010665463716694523,0.014456098389255878,0.009221775095400231,-0.0018832203889164179,0.010339962267931435
-14.421514665482821,-1.9628733277199046,-1.1317185733872193,0.5577817183241951,2.1534333328933126,0.273240501067044,-0.41144487410121766,-1.182298497835136,-0.10872006919980606,-0.9650348343428901,0.0,0.0,-0.0325972700938888,0.0,0.0,0.0,0.0,0.0,0.0,0.0,0.0,0.0
-14.421514665482821,-1.9628733277199046,-1.1317185733872193,0.5577817183241951,2.1534333328933126,0.273240501067044,-0.41144487410121766,-1.182298497835136,-0.10872006919980606,-0.9650348343428901,0.015272376339050764,-0.02211168493034843,0.0,-0.04923562031502626,-0.02860784257215765,-0.011444566274328105,0.03573073425345741,-0.009413987221892905,0.026264098168081507,0.005931349313960332,0.011405611606549071,0.021485261094346786
-22.147325248888812,-4.106509645566021,0.9086929789284744,-0.5550723336447684,0.6526943493746846,-0.5584555615072223,0.5048016007530682,0.014095722993089683,0.04008347104317386,-1.1258780736303524,0.0,0.0,0.054372780743690896,0.0,0.0,0.0,0.0,0.0,0.0,0.0,0.0,0.0
-22.147325248888812,-4.106509645566021,0.9086929789284744,-0.5550723336447684,0.6526943493746846,-0.5584555615072223,0.5048016007530682,0.014095722993089683,0.04008347104317386,-1.1258780736303524,-0.017202648812790433,-0.03612522316259137,0.0,-0.03830716692310043,-0.03337696767055587,-0.02618816593046469,-0.00974955651922682,0.0030655502843801585,0.011434909649326697,-0.004143391591990286,-0.016364224172361164,-0.028122341932005357
-16.132640177462275,-1.5522236206740623,-0.5537466353926074,-0.3357606121258821,2.2606582874499384,-0.17282487295356125,0.5143523482063938,-0.7480269755200695,0.3098905267527483,0.34862733314929745,0.0,0.0,-0.02847191395548132,0.0,0.0,0.0,0.0,0.0,0.0,0.0,0.0,0.0
-16.132640177462275,-1.5522236206740623,-0.5537466353926074,-0.3357606121258821,2.2606582874499384,-0.17282487295356125,0.5143523482063938,-0.7480269755200695,0.3098905267527483,0.34862733314929745,0.02266781311823629,0.003470353841100504,0.0,0.03762018009182144,0.04536231237220267,0.02112152297402292,0.027113073397775134,-0.004431539488977565,0.01776573088986777,0.012162067826640532,-0.00474111565274804,0.028454108514704535
-14.69674192328016,-1.5733254596817943,-0.759308503405925,0.3663737550929076,2.859180086483814,0.3681970905268499,1.161965514562586,-0.9706461001603045,-0.15467600064146833,-0.566338169792807,0.0,0.0,0.06773329300641051,0.0,0.0,0.0,0.0,0.0,0.0,0.0,0.0,0.0
-14.69674192328016,-1.5733254596817943,-0.759308503405925,0.3663737550929076,2.859180086483814,0.3681970905268499,1.161965514562586,-0.9706461001603045,-0.15467600064146833,-0.566338169792807,0.011703959420427346,0.017844546797564975,0.0,0.04312775248617817,0.010362709304255757,0.013338164200389357,0.016664067518727066,0.006753420781003383,0.015075353490028531,-0.0026880536652745812,0.008227989435787952,-0.0030481281131924387
-13.691564227341003,-1.475207974923026,-1.8411759470936717,-0.048243326807019274,1.8665532771794349,1.0815834789592416,0.7010117246381158,0.13742693660398633,-0.0423430397914685,-1.920617316692261,0.0,0.0,0.022265964009803962,0.0,0.0,0.0,0.0,0.0,0.0,0.0,0.0,0.0
-13.691564227341003,-1.475207974923026,-1.8411759470936717,-0.048243326807019274,1.8665532771794349,1.0815834789592416,0.7010117246381158,0.13742693660398633,-0.0423430397914685,-1.920617316692261,2.552066977612455e-05,0.0016307733890401632,0.0,0.03180377066798101,0.026602679290314457,-0.0015619212384541115,-0.01182171184905323,0.0027444923942627764,-0.010682534944997935,-0.011730848998338761,-0.0051543094782091625,0.0031160093784765586
-15.938820192242096,-1.8384865864126794,-0.7303601343441306,0.5580448871000654,1.5384021099257823,-0.1285895906086724,0.4935289341906373,-1.0208072559539763,0.2686408191750966,-0.9081858233537609,0.0,0.0,-0.007123355526965303,0.0,0.0,0.0,0.0,0.0,0.0,0.0,0.0,0.0
-15.938820192242096,-1.8384865864126794,-0.7303601343441306,0.5580448871000654,1.5384021099257823,-0.1285895906086724,0.4935289341906373,-1.0208072559539763,0.2686408191750966,-0.9081858233537609,-0.021473045589128326,0.010854617463092353,0.0,0.08586534658849598,0.028410831328356645,0.022902272754457664,-0.045871558030505244,-0.021742325487132175,0.0007901180446105993,-0.04619850466029707,-0.019169402254251677,-0.059374925803107215
-13.337713473862468,-1.2803573749931318,-1.3577284035705537,1.0681175161793834,2.8708075405206523,-0.28104203625903545,0.036162590020410654,-1.6772971270845862,0.24933962678736107,-0.7315068533119256,0.0,0.0,-0.012555225166532402,0.0,0.0,0.0,0.0,0.0,0.0,0.0,0.0,0.0
-13.337713473862468,-1.2803573749931318,-1.3577284035705537,1.0681175161793834,2.8708075405206523,-0.28104203625903545,0.036162590020410654,-1.6772971270845862,0.24933962678736107,-0.7315068533119256,-0.014725558067884892,-0.0118115152687428,0.0,0.03487425799152888,0.004250224619737342,-0.003057869058799678,-0.026461581234846543,-0.016164142613953603,-0.04157910014996469,-0.012445186833573763,-0.024561651885127378,-0.028975627177841745
-10.609922740290186,-0.1952253961914849,-3.1806625980758,2.593839576100545,4.674822546601055,-0.052053246287794806,-0.42523921405327864,-2.9438514423123148,0.156948820267268,-0.27338370966202724,0.0,0.0,0.025150341487711003,0.0,0.0,0.0,0.0,0.0,0.0,0.0,0.0,0.0
-10.609922740290186,-0.1952253961914849,-3.1806625980758,2.593839576100545,4.674822546601055,-0.052053246287794806,-0.42523921405327864,-2.9438514423123148,0.156948820267268,-0.27338370966202724,0.04467740971036194,0.06601425404143613,0.0,0.047413690753765225,0.04050786839959297,0.046121868510462294,0.04582806457070365,0.036492929657242046,0.05354235987213918,0.048705841500903846,0.032039407506122775,0.06705994140228189
-8.812336330881134,-0.5486091975774278,-3.9832885331885035,2.315298665516365,5.047491393401354,0.44358329386211454,-0.9705967041598662,-3.8821001541886,-0.12726176244839552,-0.28921811975710093,0.0,0.0,0.017990948490415715,0.0,0.0,0.0,0.0,0.0,0.0,0.0,0.0,0.0
-8.812336330881134,-0.5486091975774278,-3.9832885331885035,2.315298665516365,5.047491393401354,0.44358329386211454,-0.9705967041598662,-3.8821001541886,-0.12726176244839552,-0.28921811975710093,-0.005209117783765649,-0.0011463666212744306,0.0,-0.07369985059187012,0.005810424048037222,0.018012225381505154,-0.01790557557557315,0.008230368087644102,0.020588632811502805,0.007307399592418218,0.002711062550212695,-0.004931201819587394
-8.313835013639036,-0.63113020626794,-3.48229893889776,1.8745482002434481,3.717172857400253,-0.1537904143023425,0.0636584048350054,-3.0560391015513653,-0.5011971996182244,-0.3558017763854957,0.0,0.0,0.00963985423046787,0.0,0.0,0.0,0.0,0.0,0.0,0.0,0.0,0.0
-8.313835013639036,-0.63113020626794,-3.48229893889776,1.8745482002434481,3.717172857400253,-0.1537904143023425,0.0636584048350054,-3.0560391015513653,-0.5011971996182244,-0.3558017763854957,-0.004546854851970261,-0.00803678603379454,0.0,-0.006260033282744493,-0.0225301848987417,-0.005760450262656591,-0.004692698521659322,0.018745435551549727,-0.005107232637604708,0.019829274037606703,0.0016571659327391242,-0.004653982296721759
-10.89319922787356,-1.7706478401157908,-2.574868637727593,0.6807511838237219,3.2177408220259514,-0.1777579633561699,0.7910520059359101,-2.301176494480212,-0.017915779414329425,-1.1460724390647263,0.0,0.0,-0.04137379280030584,0.0,0.0,0.0,0.0,0.0,0.0,0.0,0.0,0.0
-10.89319922787356,-1.7706478401157908,-2.574868637727593,0.6807511838237219,3.2177408220259514,-0.1777579633561699,0.7910520059359101,-2.301176494480212,-0.017915779414329425,-1.1460724390647263,0.03136280218023124,0.026564497772194384,0.0,0.03320033509263842,0.02313147107506075,0.025183779606948287,0.04935852018315301,0.014209332913731387,0.04005625108679767,0.01893334149787851,0.016926027454823078,0.030354953287903497
-4.423717667250212,0.3907188059636693,-4.859088460659329,2.0216264553833354,4.382974991036308,0.06996551611566422,0.9073499253957609,-2.9522355136622025,-0.9266868417734551,-0.4866059322595582,0.0,0.0,0.03350100557893709,0.0,0.0,0.0,0.0,0.0,0.0,0.0,0.0,0.0
-4.423717667250212,0.3907188059636693,-4.859088460659329,2.0216264553833354,4.382974991036308,0.06996551611566422,0.9073499253957609,-2.9522355136622025,-0.9266868417734551,-0.4866059322595582,0.019744746546196623,-0.0016354557344354648,0.0,-0.03577816007226797,0.011024300044608415,0.007693759096451647,0.03646295680806877,0.015593097570554049,0.003988181038580008,0.014223242327233487,0.002405767105102541,0.028922201722592966
-6.272283297099967,-0.03189388660388387,-4.110430648326935,2.554568505495412,5.302486334508961,-0.5195700641663785,2.6567511961194947,-2.0948149584794424,-0.8744680172115703,1.0414982473170298,0.0,0.0,0.031375524786529496,0.0,0.0,0.0,0.0,0.0,0.0,0.0,0.0,0.0
-6.272283297099967,-0.03189388660388387,-4.110430648326935,2.554568505495412,5.302486334508961,-0.5195700641663785,2.6567511961194947,-2.0948149584794424,-0.8744680172115703,1.0414982473170298,0.017991914681882992,0.029107981022083118,0.0,0.005772080508524402,0.008608282681408008,0.01386398745165529,0.02072334910194451,0.0053592469729046854,0.02631562013858635,0.027431035767974565,0.033513367534113936,0.02392187996998274
-7.254666051284007,0.06241372942575553,-2.76751694575957,1.5366467256945568,3.552369787472524,0.031630895617070304,3.308539650457985,-2.899007474769498,-1.8724949210813584,-0.2686631558198747,0.0,0.0,-0.0010400571781834511,0.0,0.0,0.0,0.0,0.0,0.0,0.0,0.0,0.0
-7.254666051284007,0.06241372942575553,-2.76751694575957,1.5366467256945568,3.552369787472524,0.031630895617070304,3.308539650457985,-2.899007474769498,-1.8724949210813584,-0.2686631558198747,-0.008656706804752945,-0.001224264501138106,0.0,-0.03443335496566735,-0.01194874942277424,-0.0045583792935403045,-0.019046850003943572,0.00489836196586535,0.015965248335815918,0.0,0.018991510056303396,-0.014062491530720589
-3.679833864351814,1.3486888800891867,-4.009575452767328,2.481429593342578,3.615327543534848,-0.513606051556392,2.5361601480405054,-1.9460400826183204,-1.4132483669638718,0.9804014556642552,0.0,0.0,-0.005075453499771343,0.0,0.0,0.0,0.0,0.0,0.0,0.0,0.0,0.0
-3.679833864351814,1.3486888800891867,-4.009575452767328,2.481429593342578,3.615327543534848,-0.513606051556392,2.5361601480405054,-1.9460400826183204,-1.4132483669638718,0.9804014556642552,0.01889545418510563,0.02893206997735387,0.0,0.07556781654408806,0.05326798727884885,0.021401668813306518,0.007325917403479432,-0.003297754065710201,0.011666791332334725,-0.007049481088774456,-0.009603630245423211,0.012785549942044838
-6.652094180379433,-0.2678894718915994,-3.1720696171491403,0.748914325182064,3.2280181910111216,-0.2168938741009334,3.1068343550293878,-1.541038796714243,-0.8510225568808933,0.25067347537505574,0.0,0.0,0.02092839688797965,0.0,0.0,0.0,0.0,0.0,0.0,0.0,0.0,0.0
-6.652094180379433,-0.2678894718915994,-3.1720696171491403,0.748914325182064,3.2280181910111216,-0.2168938741009334,3.1068343550293878,-1.541038796714243,-0.8510225568808933,0.25067347537505574,-0.0023570038558857753,0.03669709085222772,0.0,0.03986562674074645,0.027337410579370225,0.015982944740122518,-0.02668929603214376,0.0161104486726813,-0.014827219805048752,-0.0054382276894089365,0.01257283681190735,-0.01228785901509366
-11.94267606463421,-1.5783159011198484,-2.8827669308079495,0.8301613270309982,1.7877190168356099,0.3012745851584672,2.995038749159951,-1.2496230355613818,1.1750679549186218,-0.615660645169049,0.0,0.0,0.0029470789611547588,0.0,0.0,0.0,0.0,0.0,0.0,0.0,0.0,0.0
-11.94267606463421,-1.5783159011198484,-2.8827669308079495,0.8301613270309982,1.7877190168356099,0.3012745851584672,2.995038749159951,-1.2496230355613818,1.1750679549186218,-0.615660645169049,-0.020974828619411356,-0.001608780250223596,0.0,-0.015372646216075148,-0.007716839714156487,-0.009112544835387149,-0.03482039127945402,-0.000566038417721404,-0.0071665402318017435,-0.00379717656526124,-0.0031651834234454057,-0.04663707956174323
-4.253975136711873,-0.07645859938730551,-4.875598470409415,1.14084765962233,3.462585753124112,0.22395608503613265,2.7368405026316727,-2.0486277930787975,-0.5905906475484474,-0.24537843606618884,0.0,0.0,-0.015202067930913166,0.0,0.0,0.0,0.0,0.0,0.0,0.0,0.0,0.0
-4.253975136711873,-0.07645859938730551,-4.875598470409415,1.14084765962233,3.462585753124112,0.22395608503613265,2.7368405026316727,-2.0486277930787975,-0.5905906475484474,-0.24537843606618884,0.012186745729623416,-0.005295282748025376,0.0,0.0032767624089731218,-0.0021457521347590935,-0.007357347809844761,0.029236740990163712,0.005807309481576484,0.02045201662105378,0.003506578237514324,0.012293495668791898,0.009354659917962804
-3.985421110839469,-0.2383431103398807,-5.126503737112216,0.2773641065826671,2.619110065309289,-0.22602034803556192,1.9146593309458866,-1.4014760887991204,-0.4417452957974046,0.003160081638590456,0.0,0.0,-0.0029834674868045585,0.0,0.0,0.0,0.0,0.0,0.0,0.0,0.0,0.0
-3.985421110839469,-0.2383431103398807,-5.126503737112216,0.2773641065826671,2.619110065309289,-0.22602034803556192,1.9146593309458866,-1.4014760887991204,-0.4417452957974046,0.003160081638590456,0.00965627560223048,0.010878171375652945,0.0,0.0011526086432420701,0.01908121805720131,0.02516083494445187,0.007083290987823343,-0.004928688904527245,0.013204968148248675,-0.015344790694876376,-0.009811781078389203,0.021724081045062738
-4.15582911907159,-1.062267205886446,-4.824193616714577,-0.6281154030614765,2.150635183177716,-0.3367026613823951,1.4823897272664173,-1.6532967487051353,-0.6550478117128699,-0.20474871615339496,0.0,0.0,0.025110764108411177,0.0,0.0,0.0,0.0,0.0,0.0,0.0,0.0,0.0
-4.15582911907159,-1.062267205886446,-4.824193616714577,-0.6281154030614765,2.150635183177716,-0.3367026613823951,1.4823897272664173,-1.6532967487051353,-0.6550478117128699,-0.20474871615339496,-0.001240119052050681,0.004235947247647864,0.0,0.06275180731620811,0.011867199790518423,-0.0011416108241202316,-0.0038427842919304123,0.008632563551051353,0.036071423594363106,0.010492241647990452,-0.01153351773494904,-0.01970208573341925
-0.8002469581785511,0.27152248039633686,-5.522373369632366,0.29541501852806284,2.563670713964326,-0.018614766695014304,1.2762183889061807,-1.5087428922772896,-0.34232791638093213,-0.24131029437768467,0.0,0.0,0.005076659611181311,0.0,0.0,0.0,0.0,0.0,0.0,0.0,0.0,0.0
-0.8002469581785511,0.27152248039633686,-5.522373369632366,0.29541501852806284,2.563670713964326,-0.018614766695014304,1.2762183889061807,-1.5087428922772896,-0.34232791638093213,-0.24131029437768467,0.011557301813131637,-0.02188775161228451,0.0,0.0034309655883291157,-0.027365058638486373,-0.016190209429741698,0.027296450716899567,-0.0051914390977593206,0.02717864606650222,0.0071766335474543475,0.030731208319120018,0.015324086758407018
-3.947723028855316,-0.5048532441024107,-5.159886188382717,-0.48822636732413593,1.9265215155054018,-0.2531096515225259,0.8959261054232106,-1.0770797973219728,-0.08848288078818332,-0.39379558013950233,0.0,0.0,0.007829390014749471,0.0,0.0,0.0,0.0,0.0,0.0,0.0,0.0,0.0
-3.947723028855316,-0.5048532441024107,-5.159886188382717,-0.48822636732413593,1.9265215155054018,-0.2531096515225259,0.8959261054232106,-1.0770797973219728,-0.08848288078818332,-0.39379558013950233,-0.003871034839313503,-0.04347337067162471,0.0,-0.028432734421662387,-0.03269031013832768,-0.023039749469450643,0.01608451773315478,-0.012129742769335317,-0.01508852020454321,-0.002274201292083222,-0.002152237925658329,0.004643826173963195
-2.019259947739712,-0.11311202081384371,-6.114593770258193,-0.24973407991012964,2.7959879782555914,-0.19713625974962187,1.356493684678652,-1.0555992109320145,-0.03311204588219571,0.11610770673599186,0.0,0.0,-0.015411433325648316,0.0,0.0,0.0,0.0,0.0,0.0,0.0,0.0,0.0
-2.019259947739712,-0.11311202081384371,-6.114593770258193,-0.24973407991012964,2.7959879782555914,-0.19713625974962187,1.356493684678652,-1.0555992109320145,-0.03311204588219571,0.11610770673599186,0.007417472099438216,0.000609506709583929,0.0,0.01963332246942695,0.010803355237425594,0.01218776008975353,0.013946958739552429,-0.012706860940100206,-0.014875766725228834,-0.038139968179730754,-0.00031955484174928106,0.021609628073161913
0.3079784798110726,0.14611896454894155,-6.78131045864217,-0.5594700276338769,2.8633637777379555,-0.09356867482314543,0.9192672467367405,-0.8283487643739262,0.026511189453867108,0.28371376046598823,0.0,0.0,0.02634205608960949,0.0,0.0,0.0,0.0,0.0,0.0,0.0,0.0,0.0
0.3079784798110726,0.14611896454894155,-6.78131045864217,-0.5594700276338769,2.8633637777379555,-0.09356867482314543,0.9192672467367405,-0.8283487643739262,0.026511189453867108,0.28371376046598823,0.01585069248949811,0.012168198225199545,0.0,0.0058156707693546306,0.017442388916558027,0.012786270816361966,0.019127734452712986,0.015374002081795846,0.009646572016873689,0.017637217365815472,0.019466761859557424,0.017059681031031504
-5.0878037273164285,-1.77532910104307,-5.643453952385772,0.11404845645865155,0.8052659080630848,-0.03392327393822177,0.27742144408310887,-0.4665531313276709,-0.8209127551412173,-0.4615904826329834,0.0,0.0,0.02030612745936833,0.0,0.0,0.0,0.0,0.0,0.0,0.0,0.0,0.0
-5.0878037273164285,-1.77532910104307,-5.643453952385772,0.11404845645865155,0.8052659080630848,-0.03392327393822177,0.27742144408310887,-0.4665531313276709,-0.8209127551412173,-0.4615904826329834,0.0011382848156880065,-0.016674475791662036,0.0,-0.055829272731614865,-0.0351538799902924,-0.012120493524287346,0.012913025504544873,-0.00014327889782850267,0.01797320209871911,0.009386863593230377,0.009443584904466729,0.006905969415501367
-0.40278759402298553,0.08425919826802626,-6.424158830227041,0.4049020089700769,2.1416895514205367,0.10003223325675137,0.20916142271045152,-1.0181474984289791,-0.14276927556277935,-0.5591474644510089,0.0,0.0,-0.006087322496843517,0.0,0.0,0.0,0.0,0.0,0.0,0.0,0.0,0.0
-0.40278759402298553,0.08425919826802626,-6.424158830227041,0.4049020089700769,2.1416895514205367,0.10003223325675137,0.20916142271045152,-1.0181474984289791,-0.14276927556277935,-0.5591474644510089,0.008888198813941983,0.011673713441295197,0.0,-0.03188413533197809,0.02634524450379261,0.009226444637074227,0.013215813490625727,0.016917530038025763,0.019201226093888524,0.01689408623231281,0.0,-0.0031526401828657624
-7.623819572652514,-1.3017084072368794,-4.116029338212743,-0.32138004346672033,1.8107659216516598,-0.4875589542208481,0.3856847396014492,-0.3975126368518747,0.27453682690956877,-0.48572125654398607,0.0,0.0,-0.009554062870786861,0.0,0.0,0.0,0.0,0.0,0.0,0.0,0.0,0.0
-7.623819572652514,-1.3017084072368794,-4.116029338212743,-0.32138004346672033,1.8107659216516598,-0.4875589542208481,0.3856847396014492,-0.3975126368518747,0.27453682690956877,-0.48572125654398607,0.0016331221679972696,-0.014211125294282811,0.0,-0.027943949752477826,-0.011469295153331616,0.0034039573690995972,0.007905392236884579,-0.005357394708402241,-0.0069293352981993905,-0.011126494461027092,0.013331260403155909,0.007878847896541474
-0.32348732278755055,0.9261626745492163,-6.877469439677491,0.12022521512114068,4.331071405311503,0.1742042648139462,0.9295890270552257,-0.29083040606606514,0.7945232529610773,-0.5952085014932379,0.0,0.0,0.03264909831270835,0.0,0.0,0.0,0.0,0.0,0.0,0.0,0.0,0.0
-0.32348732278755055,0.9261626745492163,-6.877469439677491,0.12022521512114068,4.331071405311503,0.1742042648139462,0.9295890270552257,-0.29083040606606514,0.7945232529610773,-0.5952085014932379,0.011918389911617977,0.031049600935267208,0.0,0.03059545694889776,0.016850917200452287,0.003780186254893625,0.003267793936442942,0.011906385394352847,0.008068052334871956,0.025431528756489907,0.0157716014612872,0.014147957792305155
3.0649087330826252,0.8308444747164259,-8.228494678597858,0.13977503440617992,5.168132722657997,0.33605837198645083,0.580566019717437,-1.1919290417120199,0.8203226200044946,-2.0380876988996484,0.0,0.0,-0.013173737909696004,0.0,0.0,0.0,0.0,0.0,0.0,0.0,0.0,0.0
3.0649087330826252,0.8308444747164259,-8.228494678597858,0.13977503440617992,5.168132722657997,0.33605837198645083,0.580566019717437,-1.1919290417120199,0.8203226200044946,-2.0380876988996484,0.002518895586566705,-0.00884286768398801,0.0,-0.022514484170361837,0.008149924184797541,-0.004828319693058858,0.009706793674522762,-0.006303348883300086,0.012545943510599455,0.014429530157204384,0.007725584014996123,-0.010693652177987123
4.861450612196797,2.7222586911502042,-8.147100858334525,0.6606787888325829,7.4559863607706225,1.8607652948006017,0.9222753244487039,-1.2688146429273044,2.758159785475018,-2.9920255850837556,0.0,0.0,0.005097127838144866,0.0,0.0,0.0,0.0,0.0,0.0,0.0,0.0,0.0
4.861450612196797,2.7222586911502042,-8.147100858334525,0.6606787888325829,7.4559863607706225,1.8607652948006017,0.9222753244487039,-1.2688146429273044,2.758159785475018,-2.9920255850837556,0.007583431235010929,0.04135473207565865,0.0,0.01936407106979887,0.047426522848154296,0.02202647335078023,-0.005419562325731486,0.013673602226017545,-0.008117732638792341,0.010520219724351909,-0.001428062595284607,-0.0009328275528148744
-0.7922418469888429,0.4946209804636754,-5.952137095335965,0.13253080094493452,3.7428055333557864,1.085296978521365,0.11966505383258197,-0.9412278602442526,0.8330900716905857,-2.4183846254408423,0.0,0.0,0.00446747714819673,0.0,0.0,0.0,0.0,0.0,0.0,0.0,0.0,0.0
-0.7922418469888429,0.4946209804636754,-5.952137095335965,0.13253080094493452,3.7428055333557864,1.085296978521365,0.11966505383258197,-0.9412278602442526,0.8330900716905857,-2.4183846254408423,-0.011794919505632273,-0.03566044379780098,0.0,-0.08438316867445739,-0.036274651279755044,-0.028197212409965644,-0.00253016352920854,0.010151302551118402,0.007537904930249306,0.012756590536218804,0.018666258335769736,-0.0337764030766563
2.093317037806627,1.8859674291690314,-5.646031058702318,0.9188751361742837,4.237879823314949,1.500994353753006,0.2374012251273904,-0.7975821094159952,0.8936436588279129,-2.4493967948387274,0.0,0.0,-0.005529559234526138,0.0,0.0,0.0,0.0,0.0,0.0,0.0,0.0,0.0
2.093317037806627,1.8859674291690314,-5.646031058702318,0.9188751361742837,4.237879823314949,1.500994353753006,0.2374012251273904,-0.7975821094159952,0.8936436588279129,-2.4493967948387274,0.01455001734140371,0.01848961826101836,0.0,0.04891886787393984,0.027495898472142954,0.017975912176933173,0.01775504263644123,-0.015280627064565677,-0.007054206683642983,-0.0076734707426043824,-0.00413781173299077,0.024271060721310356
5.072613368358303,1.9157730591984152,-5.849185868121066,1.4595124450132069,4.349665533536209,1.349811320686254,-0.3106741589773139,-0.28894622599843744,0.7320099625474413,-1.8685626070600125,0.0,0.0,0.02405401786907957,0.0,0.0,0.0,0.0,0.0,0.0,0.0,0.0,0.0
5.072613368358303,1.9157730591984152,-5.849185868121066,1.4595124450132069,4.349665533536209,1.349811320686254,-0.3106741589773139,-0.28894622599843744,0.7320099625474413,-1.8685626070600125,0.015529215169383992,0.01308502548108037,0.0,0.01811389055826962,-0.004676540947727403,0.009884654420017513,0.014314007331261758,0.01943232870073297,0.04908522366589407,0.022322838965963765,0.014245407520249387,0.019034367745137892
2.389065961873216,0.11041771232521302,-5.0257137977677555,0.7535123364581624,3.5027484821661585,1.5195502092158286,0.14781484161438235,-1.130351663494033,0.09403177951285838,-1.9611381717255492,0.0,0.0,0.008852776566789622,0.0,0.0,0.0,0.0,0.0,0.0,0.0,0.0,0.0
2.389065961873216,0.11041771232521302,-5.0257137977677555,0.7535123364581624,3.5027484821661585,1.5195502092158286,0.14781484161438235,-1.130351663494033,0.09403177951285838,-1.9611381717255492,-0.0092896599391048,-0.02222469167561847,0.0,-0.022290424695777245,-0.011746338178010629,-0.02670342724433572,-0.003402027695725396,-0.01001087715885074,-0.026267366133562287,-0.009276518363303898,-0.016678648497490456,0.0021784089223435554
3.042258974717014,0.9155633513630943,-3.967387623783288,1.7524869669633178,4.452118328812147,1.3137342623186379,-0.1474360576139259,-0.49108007718183083,1.1671124942673452,-2.294665210404031,0.0,0.0,-0.0141568654088704,0.0,0.0,0.0,0.0,0.0,0.0,0.0,0.0,0.0
3.042258974717014,0.9155633513630943,-3.967387623783288,1.7524869669633178,4.452118328812147,1.3137342623186379,-0.1474360576139259,-0.49108007718183083,1.1671124942673452,-2.294665210404031,-0.004031387645758722,-0.011781549735952246,0.0,0.03932208651104485,-0.0029055814572658267,-0.00986129773079869,-0.0015802912958997606,-0.0060948608484914235,-0.0035825705500461824,-0.028521998738313847,-0.011531054971001486,0.003966724435668034
-10.481239875552072,-1.9690198953118587,-1.0379790146451822,0.21962488638629182,1.3167347738388253,0.18054992507479864,0.1532043271215404,0.2864483792101127,0.46390963552943193,-1.6041610803281596,0.0,0.0,-0.013292232455319408,0.0,0.0,0.0,0.0,0.0,0.0,0.0,0.0,0.0
-10.481239875552072,-1.9690198953118587,-1.0379790146451822,0.21962488638629182,1.3167347738388253,0.18054992507479864,0.1532043271215404,0.2864483792101127,0.46390963552943193,-1.6041610803281596,-0.00892292159967456,-0.02227830438372913,0.0,0.01670358266895433,0.007152267117030098,-0.0075931993162965394,-0.00848412039189772,-0.016167528370436446,-0.017766616637495014,-0.0330663883312442,-0.0026342150373196427,-0.002977067528483701
-5.436269937729879,-0.42455088370732486,-1.4941250160060067,0.5467644189852664,2.9829584733735026,0.7969089288123573,0.35064684329935514,-0.04925427959096992,1.3484565236832553,-1.8276531150205362,0.0,0.0,-0.008299470993490043,0.0,0.0,0.0,0.0,0.0,0.0,0.0,0.0,0.0
-5.436269937729879,-0.42455088370732486,-1.4941250160060067,0.5467644189852664,2.9829584733735026,0.7969089288123573,0.35064684329935514,-0.04925427959096992,1.3484565236832553,-1.8276531150205362,-0.028577823401491176,-0.021359493466107105,0.0,0.043603568123472325,-0.008613891008449892,-0.024681921115542016,-0.044810843055781646,-0.018713153908783253,-0.03748895596603474,-0.012978108299007252,-0.03600554344752516,-0.02438267842364994
-5.546545851425361,-0.44632742963593847,-1.5482340427476982,0.8793309911921614,2.124474185467257,1.0284860758244154,0.671800034414572,0.34898260666319114,1.1739657352549133,-1.3921419126690597,0.0,0.0,-0.010316990873948995,0.0,0.0,0.0,0.0,0.0,0.0,0.0,0.0,0.0
-5.546545851425361,-0.44632742963593847,-1.5482340427476982,0.8793309911921614,2.124474185467257,1.0284860758244154,0.671800034414572,0.34898260666319114,1.1739657352549133,-1.3921419126690597,0.022183841760035072,0.031854466590897745,0.0,0.053561250000214056,0.03463895235344072,0.03188909755470748,0.021497503463581813,0.018739409099101323,0.014848278958514705,0.021446396957589986,0.0021995241224603834,0.022402030001670736
-3.31476339515518,0.2669448233675616,-1.559568662914466,0.9658893539444195,2.189837727482668,1.2537175565509804,0.9870737292450715,0.749984380675859,1.1792344225440283,-1.5045550066571438,0.0,0.0,-0.005892093442029345,0.0,0.0,0.0,0.0,0.0,0.0,0.0,0.0,0.0
-3.31476339515518,0.2669448233675616,-1.559568662914466,0.9658893539444195,2.189837727482668,1.2537175565509804,0.9870737292450715,0.749984380675859,1.1792344225440283,-1.5045550066571438,0.008753894644312865,0.027808475433699797,0.0,0.039540529329000096,0.0025753199928422177,0.009409353207875837,0.014029850900641572,0.012120500274324986,0.023719833526482326,0.009502041437837283,-0.0018810588750668433,0.014661634370159993
0.45857965164280584,2.331564568982372,-2.2772251362060905,1.2079074619742614,3.6336779002766275,1.9040369642893844,1.5241486495369276,0.8107285263553186,1.7402302632540536,-0.8161802129360685,0.0,0.0,-0.008150114580837364,0.0,0.0,0.0,0.0,0.0,0.0,0.0,0.0,0.0
0.45857965164280584,2.331564568982372,-2.2772251362060905,1.2079074619742614,3.6336779002766275,1.9040369642893844,1.5241486495369276,0.8107285263553186,1.7402302632540536,-0.8161802129360685,0.0250622235170872,0.012991625534682694,0.0,0.0063104366832502645,0.029026332098260887,0.02472783823326452,0.027736550404624305,-0.0033812874726356634,0.025335556240347445,0.015788624290034914,0.029841167008787917,0.039106052240390765
0.2508498915781519,3.04076367333793,-2.7180879065534724,1.7177061947484322,4.380835708732826,2.170665945005474,2.791546329259829,1.1197475047245626,1.4713322684991614,-0.8363613053574537,0.0,0.0,0.000746890404924816,0.0,0.0,0.0,0.0,0.0,0.0,0.0,0.0,0.0
0.2508498915781519,3.04076367333793,-2.7180879065534724,1.7177061947484322,4.380835708732826,2.170665945005474,2.791546329259829,1.1197475047245626,1.4713322684991614,-0.8363613053574537,0.010427685421283028,0.006353579317112779,0.0,0.007664252202345123,0.008986225685776228,0.00028702328958840617,0.011826861973761149,0.008198886627022395,0.02217548161542182,0.0059782457378698695,0.010599545499567542,0.03716918245554024
-0.5020004567123489,2.749433080239825,-2.149866517106394,1.5689395848228267,5.607266300528819,2.2492320648190622,2.709889058676816,0.6117705371945359,2.5216407719867027,-1.049248973648918,0.0,0.0,-0.0009952759354180385,0.0,0.0,0.0,0.0,0.0,0.0,0.0,0.0,0.0
-0.5020004567123489,2.749433080239825,-2.149866517106394,1.5689395848228267,5.607266300528819,2.2492320648190622,2.709889058676816,0.6117705371945359,2.5216407719867027,-1.049248973648918,0.0187426825855177,0.018823974306115376,0.0,-0.005877278792630114,-0.010390439535810425,0.008233033524057243,0.03344960455621537,0.017666656602789876,-0.005991915539187542,-0.010696880766214223,0.013808237164980586,0.04625435524965327
-4.797141640235351,1.5335496364746453,-1.2515664994502704,1.1106324992345467,5.032111658708121,1.9813677007189632,2.457332602578616,0.3231344754587094,2.1939098720725676,-0.500534195677755,0.0,0.0,0.01743463154880831,0.0,0.0,0.0,0.0,0.0,0.0,0.0,0.0,0.0
-4.797141640235351,1.5335496364746453,-1.2515664994502704,1.1106324992345467,5.032111658708121,1.9813677007189632,2.457332602578616,0.3231344754587094,2.1939098720725676,-0.500534195677755,-0.006725178334619053,0.026279504716659075,0.0,0.003129941420995319,0.0014998308083256084,0.0070260960095496205,-0.005535038364579248,0.00358246895330927,0.0012471448468478474,0.0015017110428323655,-0.009005825602559803,-0.03239479368472453
-0.9471098001737268,2.0964594006672668,-1.7641234223844886,0.9948634651038435,4.212450307149135,2.8088726755535984,1.8901420299535372,0.055406563431856785,1.5074374758910285,-0.3708917711061873,0.0,0.0,-0.005753005793793453,0.0,0.0,0.0,0.0,0.0,0.0,0.0,0.0,0.0
-0.9471098001737268,2.0964594006672668,-1.7641234223844886,0.9948634651038435,4.212450307149135,2.8088726755535984,1.8901420299535372,0.055406563431856785,1.5074374758910285,-0.3708917711061873,0.01285121570619907,-0.01073480898158985,0.0,-0.013867403519914112,-0.015227101557030887,0.0018859016066585799,0.028856634764077738,-0.007276259734799617,0.006227957069673051,0.0034487954317672376,0.004731542227372154,0.03643355720530228
-11.89013439115464,-2.5108974299103806,-2.1891588922310055,-2.147509802147659,-0.4090541536198976,4.055477400717703,0.34286523429035265,-0.7405949876917546,0.08422796123125953,0.49091673874968017,0.0,0.0,-0.018958510194567846,0.0,0.0,0.0,0.0,0.0,0.0,0.0,0.0,0.0
-11.89013439115464,-2.5108974299103806,-2.1891588922310055,-2.147509802147659,-0.4090541536198976,4.055477400717703,0.34286523429035265,-0.7405949876917546,0.08422796123125953,0.49091673874968017,-0.0006176283155392426,-0.006329804874897538,0.0,0.01792937038691611,0.016476552334356853,-0.0016940934757246895,0.0009995187467972677,0.00788297137563232,0.013616883510836786,0.01344894627371307,-0.009866837985074595,-0.0034203547048975436
-10.521610034030152,-1.1652520277857847,-0.17956782684699676,-0.13002058586150242,1.3673199460568413,2.0227063815246775,0.6129315881620131,0.3778365283827024,0.49341688774449793,-0.32751184708643155,0.0,0.0,-0.03149695625593918,0.0,0.0,0.0,0.0,0.0,0.0,0.0,0.0,0.0
-10.521610034030152,-1.1652520277857847,-0.17956782684699676,-0.13002058586150242,1.3673199460568413,2.0227063815246775,0.6129315881620131,0.3778365283827024,0.49341688774449793,-0.32751184708643155,-0.02564745014833003,-0.02741446352578314,0.0,-0.040234693587595016,-0.03591047910747014,-0.03544506483318721,-0.013510193668535453,-0.03004951780665488,-0.021982720929248134,-0.016071963219299934,-0.01759012243220892,-0.02945820738324134
-4.997210809059801,0.4887194536210661,-1.2946804356157895,1.010986324833744,1.9911566674875365,2.4706758865844853,0.6310661916500176,0.41706695922097786,0.5870813847835623,-0.9780197867569052,0.0,0.0,-0.032132690563834276,0.0,0.0,0.0,0.0,0.0,0.0,0.0,0.0,0.0
-4.997210809059801,0.4887194536210661,-1.2946804356157895,1.010986324833744,1.9911566674875365,2.4706758865844853,0.6310661916500176,0.41706695922097786,0.5870813847835623,-0.9780197867569052,0.019567404401636068,0.026433022791953587,0.0,0.022310135418345034,0.0090535242578067,0.025410545696994413,0.020840521644782672,0.032111863294312704,0.018522583829320816,0.030720618311694814,0.03058460902168081,-0.00019641174612139434
-5.2345903665423545,0.15498633598147307,-2.191495679235331,0.8843948729186053,1.5600236861168726,2.3700502508113175,0.17609000798226004,-0.030726055272976827,0.6480036518988186,-1.3304990778896955,0.0,0.0,0.026773966299568297,0.0,0.0,0.0,0.0,0.0,0.0,0.0,0.0,0.0
-5.2345903665423545,0.15498633598147307,-2.191495679235331,0.8843948729186053,1.5600236861168726,2.3700502508113175,0.17609000798226004,-0.030726055272976827,0.6480036518988186,-1.3304990778896955,0.00021431057288401334,0.011508403019615754,0.0,-0.0232311898837817,0.011535309502592517,-0.006671635920896479,-0.014173795111928511,0.048656720088679384,0.026154289340081016,0.033440235209381663,0.03564245222997098,-0.03409131778866681
-12.393271777960905,-2.4955297057950476,-2.9441717078520058,-1.6293478147207163,-0.37999691801775043,2.8177398274107333,0.5127470120952123,-0.6399514013142226,0.3949051387893252,-0.9644069000924319,0.0,0.0,-0.0028684059896748604,0.0,0.0,0.0,0.0,0.0,0.0,0.0,0.0,0.0
-12.393271777960905,-2.4955297057950476,-2.9441717078520058,-1.6293478147207163,-0.37999691801775043,2.8177398274107333,0.5127470120952123,-0.6399514013142226,0.3949051387893252,-0.9644069000924319,0.008896945850664695,-0.005181884181632013,0.0,-0.01081085207223731,-0.016218762270483134,-0.002878599697806905,0.023252965859513308,-0.016468254234161095,-0.005973817226654465,-0.01913348327193276,0.0029519595017242217,0.03336204620507166
-12.690652954670012,-2.5515106674060535,-2.371350182811828,-1.1656933393532507,-0.10247772751182731,1.665560323933411,0.4217737962390634,-0.4926124655197302,0.03286727871719358,-1.8779505984656029,0.0,0.0,0.021312824010942588,0.0,0.0,0.0,0.0,0.0,0.0,0.0,0.0,0.0
-12.690652954670012,-2.5515106674060535,-2.371350182811828,-1.1656933393532507,-0.10247772751182731,1.665560323933411,0.4217737962390634,-0.4926124655197302,0.03286727871719358,-1.8779505984656029,0.015369439908836213,0.026691921480351377,0.0,0.021435533944936136,0.012555791292750085,0.01768172487001518,0.01220385714134542,0.024784429164521393,0.04452671722438861,0.031134282702550697,0.01962489783405852,0.01007365838841534
-2.9304220579971374,1.4687533292458228,-3.0571569748992706,0.08945460650760259,2.059429759189905,1.8840314520093007,0.8061762401079379,-0.5669587550198733,0.14481930471748053,-2.3178020451551555,0.0,0.0,-0.003459418656406532,0.0,0.0,0.0,0.0,0.0,0.0,0.0,0.0,0.0
-2.9304220579971374,1.4687533292458228,-3.0571569748992706,0.08945460650760259,2.059429759189905,1.8840314520093007,0.8061762401079379,-0.5669587550198733,0.14481930471748053,-2.3178020451551555,-0.01726315912146359,-0.009200667628049608,0.0,0.0930274410326315,0.040133082888771154,0.01100981650331545,-0.041494831238383045,0.00979236854541643,-0.04197277415586398,-0.020328281897815326,-0.04558629965589145,-0.010100937722428482
-1.4723809890198518,1.6142193144142258,-2.3572962870715513,0.35535461527372997,1.7886328812200947,2.0334455367782676,0.9481019025859234,-0.7877756357725176,0.224574278691261,-1.916773791041003,0.0,0.0,-0.015963037257089696,0.0,0.0,0.0,0.0,0.0,0.0,0.0,0.0,0.0
-1.4723809890198518,1.6142193144142258,-2.3572962870715513,0.35535461527372997,1.7886328812200947,2.0334455367782676,0.9481019025859234,-0.7877756357725176,0.224574278691261,-1.916773791041003,-0.0072872609789637055,0.00201377844510664,0.0,0.041646034174246616,0.014008343173370852,-0.00028170757212708786,-0.018511083576403742,-0.005818225311249758,-0.013527237526390401,0.0,-0.00547986574166115,-0.02671781422415287
-12.394116466097568,-1.1175742205465962,-0.5307584779927789,-0.2872643503399291,0.3995182827571083,0.8148920141120514,0.6679953789070755,0.03300916104458442,0.12537243044917826,-1.9816098616140598,0.0,0.0,0.0015700243887182275,0.0,0.0,0.0,0.0,0.0,0.0,0.0,0.0,0.0
-12.394116466097568,-1.1175742205465962,-0.5307584779927789,-0.2872643503399291,0.3995182827571083,0.8148920141120514,0.6679953789070755,0.03300916104458442,0.12537243044917826,-1.9816098616140598,-0.03827525594819858,-0.03818665048974379,0.0,0.010788504164237711,-0.05477460504249965,-0.040848728260827305,-0.04203909875967948,-0.012875711750145125,-0.03970549575556137,-0.013022251456103806,-0.02613540472238718,-0.05860028325734756
-14.53477208750351,-0.879363405637896,0.49897331298261594,0.08707281299423636,0.20163133248959916,-0.10882427585148377,0.9443918527013572,0.4727320039836777,0.36970762036205473,-1.0193757083685115,0.0,0.0,-0.05668739016145952,0.0,0.0,0.0,0.0,0.0,0.0,0.0,0.0,0.0
-14.53477208750351,-0.879363405637896,0.49897331298261594,0.08707281299423636,0.20163133248959916,-0.10882427585148377,0.9443918527013572,0.4727320039836777,0.36970762036205473,-1.0193757083685115,-0.03471746200661896,-0.03947071434192562,0.0,0.034531506497936126,-0.020000064973042964,-0.030644328713549163,-0.03861281512371839,-0.014492742279937132,-0.03559236320139436,-0.026388323265815306,-0.022326027012434357,-0.06224769599043001
-5.914371428871618,2.3093640171044876,-0.8480514771686012,1.305303543551065,-0.17980762443381068,-0.07249830074673339,1.9454610660838687,1.0425908398727515,0.9073433243849678,0.5270592879465655,0.0,0.0,0.0012458000103769962,0.0,0.0,0.0,0.0,0.0,0.0,0.0,0.0,0.0
-5.914371428871618,2.3093640171044876,-0.8480514771686012,1.305303543551065,-0.17980762443381068,-0.07249830074673339,1.9454610660838687,1.0425908398727515,0.9073433243849678,0.5270592879465655,0.035618233867610316,0.02151328565807975,0.0,0.029282319073531182,0.031658748210193544,0.022118918658006637,0.050072584339507564,0.027138983905423686,0.04618804587719416,0.027997155215536473,0.03839847751586056,0.028686123267007257
-2.8479418923545463,2.309221146094146,-0.6583405533399698,1.47261722472836,-0.12002032373974617,0.686751028393302,1.374058100741938,-0.004959457990139009,0.33128302374592195,-0.7044283883442095,0.0,0.0,-0.015765413394858152,0.0,0.0,0.0,0.0,0.0,0.0,0.0,0.0,0.0
-2.8479418923545463,2.309221146094146,-0.6583405533399698,1.47261722472836,-0.12002032373974617,0.686751028393302,1.374058100741938,-0.004959457990139009,0.33128302374592195,-0.7044283883442095,0.006090619776602413,0.009465368044220268,0.0,0.00854954777808703,0.03170177874791835,-0.002964524729550999,0.005095579762861346,-0.017050611581695407,-0.027249958639743666,-0.029552631900886195,-0.005271769661198689,0.036363710015320905
-4.783730976010927,1.7066851234882177,-0.09496307600892044,1.2262519359291413,0.022615453093897286,0.6264521770546622,1.34992544589978,-0.022316520788088712,0.6506022676477226,-0.6506785172258421,0.0,0.0,-0.026134626644837233,0.0,0.0,0.0,0.0,0.0,0.0,0.0,0.0,0.0
-4.783730976010927,1.7066851234882177,-0.09496307600892044,1.2262519359291413,0.022615453093897286,0.6264521770546622,1.34992544589978,-0.022316520788088712,0.6506022676477226,-0.6506785172258421,-0.02728584821807134,-0.01547124486968543,0.0,0.0007308309376603539,-0.03564413075391959,-0.017244755554571056,-0.03611445327160279,0.004899198240482461,-0.02540695264017856,-0.009702869363176658,-0.027332155346318276,-0.025293416478907038
-16.789632684258,-2.2588444311201235,1.4347386597522174,-0.3533650571895032,-1.227166990242051,-0.34390595139777025,1.0122062317772529,-0.18276882459378052,1.1529004776368539,-0.8729872926198669,0.0,0.0,-0.027412770426742616,0.0,0.0,0.0,0.0,0.0,0.0,0.0,0.0,0.0
-16.789632684258,-2.2588444311201235,1.4347386597522174,-0.3533650571895032,-1.227166990242051,-0.34390595139777025,1.0122062317772529,-0.18276882459378052,1.1529004776368539,-0.8729872926198669,-0.020042871291418907,-0.03130950321088244,0.0,-0.019862759677306108,-0.03441239343731484,-0.0235982184945005,-0.01116857514752001,-0.030965848094471338,-0.0031194152015865395,-0.011908151553521762,-0.01097529043150991,-0.04610184982418164
-10.997018740946533,-0.5510667685482018,0.8549398464600746,0.8276023309964063,-1.1557108725495104,-0.3165697158642612,1.0340249936887,-0.8087776372313499,2.791536485190303,-0.30655592131701315,0.0,0.0,0.016614684554320025,0.0,0.0,0.0,0.0,0.0,0.0,0.0,0.0,0.0
-10.997018740946533,-0.5510667685482018,0.8549398464600746,0.8276023309964063,-1.1557108725495104,-0.3165697158642612,1.0340249936887,-0.8087776372313499,2.791536485190303,-0.30655592131701315,0.017300841796329403,0.02433316135794361,0.0,0.08955470325194326,0.0015839878796497509,0.039144957174237494,0.0009190552054580969,0.031547548777097534,0.034420940422258184,0.05812346609949248,0.03777755047525888,0.009260656344026286
-9.47512837704364,0.7864129012796338,-0.498756090675639,1.9499193212879824,-3.660917881492537,-0.09596407180937426,2.5512806368371805,-1.2101986619176137,8.537641355279353,0.9480788503897358,0.0,0.0,-0.029768043107146203,0.0,0.0,0.0,0.0,0.0,0.0,0.0,0.0,0.0
-9.47512837704364,0.7864129012796338,-0.498756090675639,1.9499193212879824,-3.660917881492537,-0.09596407180937426,2.5512806368371805,-1.2101986619176137,8.537641355279353,0.9480788503897358,-0.02347877860829628,-0.010677571578378675,0.0,0.05949100705433441,-0.033737259050356294,-0.018685967860623265,-0.03792146627851367,-0.04719211586794114,0.0010805578944153016,0.018886767913180336,-0.014788292186709295,-0.025118921407374595
-5.639638307933535,1.594601347306228,-0.9508796095548914,1.8734031101993878,-1.6793615469557543,-0.3395440706628068,1.1899911342429284,-0.9112788048339795,4.273875615274665,0.3595587826556501,0.0,0.0,-0.0318844831744165,0.0,0.0,0.0,0.0,0.0,0.0,0.0,0.0,0.0
-5.639638307933535,1.594601347306228,-0.9508796095548914,1.8734031101993878,-1.6793615469557543,-0.3395440706628068,1.1899911342429284,-0.9112788048339795,4.273875615274665,0.3595587826556501,0.03664090082211047,0.03783627414490809,0.0,-0.0454369441838236,0.06137465683746979,0.037678372384406744,0.0362793675378823,0.024073085639558123,0.01705141940508459,0.010612929235656043,0.0480330093894803,0.047885158028090125
-2.6018956799390334,2.254645630213146,-1.1926280845406225,1.844514387466145,-1.603576187545891,-0.41238637249455284,1.7241184671601826,-1.3677904699261543,2.0961312891285466,0.6894509980774226,0.0,0.0,0.05996581630956799,0.0,0.0,0.0,0.0,0.0,0.0,0.0,0.0,0.0
-2.6018956799390334,2.254645630213146,-1.1926280845406225,1.844514387466145,-1.603576187545891,-0.41238637249455284,1.7241184671601826,-1.3677904699261543,2.0961312891285466,0.6894509980774226,0.02135713531269312,0.03178305879722254,0.0,0.04205539430630667,0.0028270876910818643,0.00614929021996935,0.04178726087840001,0.005404002933713015,-0.011460090273714307,0.004480501021715266,-0.0037457318711021648,0.031157033042055637
-0.7965584353932909,3.067706609903356,0.21122176557943545,3.2508838946977803,-1.0429477698031695,0.06106921992975006,1.9175720233300086,-1.858201339579493,1.3326065723342078,0.9675371869413152,0.0,0.0,0.013923454929096524,0.0,0.0,0.0,0.0,0.0,0.0,0.0,0.0,0.0
-0.7965584353932909,3.067706609903356,0.21122176557943545,3.2508838946977803,-1.0429477698031695,0.06106921992975006,1.9175720233300086,-1.858201339579493,1.3326065723342078,0.9675371869413152,0.005667341553097227,0.00206043743590123,0.0,0.0014428916334452424,-0.014097369594984421,0.002353707584219711,0.005771183352192066,0.02437820062452767,0.043297232177917255,0.04485013708748009,0.01310325020159775,0.008733814020762454
-0.529885366294084,3.013814685682463,0.2824828385432243,2.969516456948439,-1.1136006565614882,0.09814063379667076,1.8470064902767906,-1.6616625019584632,0.5785495060380144,0.7285145524755062,0.0,0.0,0.00413612147588438,0.0,0.0,0.0,0.0,0.0,0.0,0.0,0.0,0.0
-0.529885366294084,3.013814685682463,0.2824828385432243,2.969516456948439,-1.1136006565614882,0.09814063379667076,1.8470064902767906,-1.6616625019584632,0.5785495060380144,0.7285145524755062,-0.006354792802862663,-0.002382296748469459,0.0,0.01255884820784936,-0.02113756479130746,-0.027384060989294357,-0.027433091311646285,0.03294246754189367,0.02421365265309605,0.03008296906734831,0.036426006548309076,-0.020810993890493457
-5.624990405155373,1.4306752361161932,0.21497723010180395,1.4045888744518216,-1.3640231401679748,-0.41566346906563617,1.611614221332392,-1.6879835690822569,0.603909699595479,0.15368836967977592,0.0,0.0,-0.01746287487035525,0.0,0.0,0.0,0.0,0.0,0.0,0.0,0.0,0.0
-5.624990405155373,1.4306752361161932,0.21497723010180395,1.4045888744518216,-1.3640231401679748,-0.41566346906563617,1.611614221332392,-1.6879835690822569,0.603909699595479,0.15368836967977592,-0.024466655940360793,0.01273582963958364,0.0,0.031653815339785396,-0.01652908438347478,-0.0021965698280158596,-0.0513038508113739,0.0057402371082302395,-0.014750756483443261,-0.007953152048370216,-0.023524444862209504,-0.01518060254021314
-2.535333513156016,3.167241968146749,0.6940133451091609,4.744322603743341,-2.1671272283647824,-0.6179175472188824,2.3953535486965962,-3.44834608894354,0.1787260257176603,3.797959914406946,0.0,0.0,-0.02350189542600989,0.0,0.0,0.0,0.0,0.0,0.0,0.0,0.0,0.0
-2.535333513156016,3.167241968146749,0.6940133451091609,4.744322603743341,-2.1671272283647824,-0.6179175472188824,2.3953535486965962,-3.44834608894354,0.1787260257176603,3.797959914406946,0.0006165952803167674,0.0001124952085373998,0.0,-0.021790874190812826,0.010572243072421772,0.009705912701336583,0.003819041465716211,0.021055495476496988,0.030968312241846707,-0.00749120341313303,0.0006491220632875994,0.00896861184686748
-8.489588301415539,1.081997427321341,0.6684224753073392,2.725475987096318,-1.5617783403745826,-0.9827821364010642,1.752800944269625,0.1397184807805212,1.2871748486675645,1.4735728915352009,0.0,0.0,-0.07761723899380113,0.0,0.0,0.0,0.0,0.0,0.0,0.0,0.0,0.0
-8.489588301415539,1.081997427321341,0.6684224753073392,2.725475987096318,-1.5617783403745826,-0.9827821364010642,1.752800944269625,0.1397184807805212,1.2871748486675645,1.4735728915352009,-0.023398634928506024,-0.02582247660663739,0.0,-0.012546256813047107,-0.041308954290277144,-0.03151323342909318,0.002513384554884146,-0.008571526621687142,-0.026059410110669035,-0.027277250897434602,-0.03604123177583851,-0.046666742573468256
-11.092980498777672,0.32044127115402726,0.7750524405907473,1.916579058172762,-1.919759237483285,-1.0631781272084369,0.9588382225574688,0.10164491328319233,0.970792670771172,0.4717302876091357,0.0,0.0,-0.036855840040687315,0.0,0.0,0.0,0.0,0.0,0.0,0.0,0.0,0.0
-11.092980498777672,0.32044127115402726,0.7750524405907473,1.916579058172762,-1.919759237483285,-1.0631781272084369,0.9588382225574688,0.10164491328319233,0.970792670771172,0.4717302876091357,-0.032724697223119326,-0.01163992413009185,0.0,0.04395160168682177,-0.020984995193636835,-0.015962376948993162,-0.03970988171474743,-0.039719207203667284,-0.07495912025508678,-0.02477562772963926,-0.026471186339849018,-0.06654997679309627
-15.14785688507648,-1.0820953537350109,0.5439360178395185,0.8277125477445683,-1.9875434122470828,-0.894393795947051,1.3203319699918479,0.10257323362885368,1.4766929932346828,0.15612579726942805,0.0,0.0,0.005248828943051009,0.0,0.0,0.0,0.0,0.0,0.0,0.0,0.0,0.0
-15.14785688507648,-1.0820953537350109,0.5439360178395185,0.8277125477445683,-1.9875434122470828,-0.894393795947051,1.3203319699918479,0.10257323362885368,1.4766929932346828,0.15612579726942805,-0.051883706641909444,-0.0527050993412187,0.0,-0.029930445322159493,-0.05544453830008056,-0.044088768520782695,-0.07211926759967269,-0.010829785686097715,-0.07175982881273046,-0.014656589520799845,-0.02258246186726709,-0.08509184163169725
-12.580321386783066,-0.6561943508453497,-0.39665143486890475,0.957696154921045,-2.395199791243138,-0.7691152101451625,1.1446343392537472,-0.17009523576232807,2.15827483647008,0.08883476347992042,0.0,0.0,-0.006063568120023177,0.0,0.0,0.0,0.0,0.0,0.0,0.0,0.0,0.0
-12.580321386783066,-0.6561943508453497,-0.39665143486890475,0.957696154921045,-2.395199791243138,-0.7691152101451625,1.1446343392537472,-0.17009523576232807,2.15827483647008,0.08883476347992042,-0.0073404507002627906,0.01698660125670437,0.0,0.042376053179228546,-0.0021180731877740167,-0.01316212327797217,-0.005475606218225959,-0.06938411399348865,-0.004281682347461957,0.013458049776630787,0.007622915622964355,-0.024906204508810204
-8.963889707712875,-0.12416196619172123,-1.480783375507946,1.3542596269835223,-2.2551107996970146,-0.6191378236256103,1.372295879480612,0.1482856464518,2.2947237712683464,0.4915698235822744,0.0,0.0,-0.016776823778363537,0.0,0.0,0.0,0.0,0.0,0.0,0.0,0.0,0.0
-8.963889707712875,-0.12416196619172123,-1.480783375507946,1.3542596269835223,-2.2551107996970146,-0.6191378236256103,1.372295879480612,0.1482856464518,2.2947237712683464,0.4915698235822744,0.04069703584773254,0.03316382340306956,0.0,0.06779681895886203,0.060642578584890305,0.031195237626231664,0.04634124927006722,0.05088591294064093,0.041328403767927124,0.03732168093482424,0.028154603975888648,0.04030809442915961
-2.0571095424556805,1.510825833869699,-4.257496836366415,2.4219867909001085,-3.635321482045588,-0.26223574835639407,1.8357989073520484,-0.39209882935987483,3.367289904894597,1.4305576223703738,0.0,0.0,0.037917875002034584,0.0,0.0,0.0,0.0,0.0,0.0,0.0,0.0,0.0
-2.0571095424556805,1.510825833869699,-4.257496836366415,2.4219867909001085,-3.635321482045588,-0.26223574835639407,1.8357989073520484,-0.39209882935987483,3.367289904894597,1.4305576223703738,0.029804548797096597,0.02530459566473553,0.0,0.01610296281835799,0.011435587677339099,0.025333843307075332,0.04816166550593004,0.005800028464579832,0.018582240609867906,0.006737772474794568,-0.0035652450371644884,0.06020416993474598
-4.311838805128856,2.3751142214946563,-3.576012141061637,3.2086814055344615,-4.264790934910171,-0.4594925715876003,2.701267791268744,0.835966779203914,5.529452421662956,2.3633807450890787,0.0,0.0,-0.009963433959511714,0.0,0.0,0.0,0.0,0.0,0.0,0.0,0.0,0.0
-4.311838805128856,2.3751142214946563,-3.576012141061637,3.2086814055344615,-4.264790934910171,-0.4594925715876003,2.701267791268744,0.835966779203914,5.529452421662956,2.3633807450890787,-0.03821371728825862,-0.03736292602120106,0.0,0.021507591864297737,-0.04607143753024834,-0.02418690518517641,-0.049435181023827046,-0.03138006319222353,-0.05022533218458103,-0.037746057229438135,-0.029080331009323612,-0.04530134495354099
-16.233104392087945,-1.2638919042440646,-0.7215293600299078,0.2907391309997311,-3.097250734513287,-1.124779312295848,0.30880207607703974,0.6892301934795678,2.0661720006948943,-0.5508265977028298,0.0,0.0,-0.048809195806197025,0.0,0.0,0.0,0.0,0.0,0.0,0.0,0.0,0.0
-16.233104392087945,-1.2638919042440646,-0.7215293600299078,0.2907391309997311,-3.097250734513287,-1.124779312295848,0.30880207607703974,0.6892301934795678,2.0661720006948943,-0.5508265977028298,-0.08666302291589156,-0.10919861753930449,0.0,-0.13851936988343427,-0.08622210047162471,-0.08354693021128778,-0.09418333119088207,-0.04361076178258605,-0.07872879887189499,-0.08916397207628013,-0.05943240988165621,-0.10527024940053886
-11.170507193275263,-0.9074656882901371,-1.6400263535615023,0.1505239253318531,-2.396313595037925,-0.7687154124448679,0.8238891659785189,0.3025199637128955,2.0768386811460586,-0.2737143369440365,0.0,0.0,-0.050608168969424216,0.0,0.0,0.0,0.0,0.0,0.0,0.0,0.0,0.0
-11.170507193275263,-0.9074656882901371,-1.6400263535615023,0.1505239253318531,-2.396313595037925,-0.7687154124448679,0.8238891659785189,0.3025199637128955,2.0768386811460586,-0.2737143369440365,0.031119618363137924,-0.020120209470011696,0.0,-0.09107259573454085,0.01134900837588848,0.00046632704182170137,0.04316144286099477,0.03430803122782056,0.05328185423358045,0.035888968422238765,0.0594365983113474,0.051697233052729
-3.7348648698829776,1.463249074944865,-3.620547574320701,0.9957642244074402,-2.552464642747144,-0.3469974125218616,0.9631052641657305,0.30270929787715006,2.879904925956917,0.23657229544426936,0.0,0.0,0.057577893197215735,0.0,0.0,0.0,0.0,0.0,0.0,0.0,0.0,0.0
-3.7348648698829776,1.463249074944865,-3.620547574320701,0.9957642244074402,-2.552464642747144,-0.3469974125218616,0.9631052641657305,0.30270929787715006,2.879904925956917,0.23657229544426936,0.002167897138074526,0.007743384042044665,0.0,0.023378461518333005,0.013710967462190249,0.022179571539671317,-0.010632258376232051,0.017802854018630798,0.006569694728702613,0.04218197003324131,0.013308607022457952,-0.026782120445497992
2.3317626180614988,2.498465333676306,-5.491198846253277,0.8117664198855734,-3.234425974855504,0.2642347280657179,0.5533731256198103,-0.39821949610218804,3.193177802088203,0.5215162133543602,0.0,0.0,-0.03490174796185397,0.0,0.0,0.0,0.0,0.0,0.0,0.0,0.0,0.0
2.3317626180614988,2.498465333676306,-5.491198846253277,0.8117664198855734,-3.234425974855504,0.2642347280657179,0.5533731256198103,-0.39821949610218804,3.193177802088203,0.5215162133543602,0.03112012096237482,0.001902222683115351,0.0,-0.007411550140537848,0.022257501004649072,0.011105965484490943,0.044760849660906654,0.01177594170242613,0.013705372070441646,-0.001140312298081092,0.016453466093352187,0.06451828803194104
1.5222770746894478,3.117181338849275,-4.2109463270829215,0.9816548116724515,-3.100323793285297,-0.02816493318192245,0.917377857938047,0.022197615069095507,3.8078088695275953,0.7537515514974689,0.0,0.0,0.03447631256253292,0.0,0.0,0.0,0.0,0.0,0.0,0.0,0.0,0.0
1.5222770746894478,3.117181338849275,-4.2109463270829215,0.9816548116724515,-3.100323793285297,-0.02816493318192245,0.917377857938047,0.022197615069095507,3.8078088695275953,0.7537515514974689,-0.028484061595517418,-0.03810715491860328,0.0,-0.04916880626703424,-0.0438569570804106,-0.03181944217134369,-0.020480491490246444,-0.004518596757205895,-0.025832792693686546,-0.005996231958236065,-0.024702712199436982,-0.0260335389104841
1.6233827014752187,3.326059606402689,-4.826917738379967,0.9159009346135036,-2.4549014282140873,0.05891192629243637,1.027463320236977,0.2647874649594427,3.44123609426501,1.0478412719056864,0.0,0.0,-0.022923440073890355,0.0,0.0,0.0,0.0,0.0,0.0,0.0,0.0,0.0
1.6233827014752187,3.326059606402689,-4.826917738379967,0.9159009346135036,-2.4549014282140873,0.05891192629243637,1.027463320236977,0.2647874649594427,3.44123609426501,1.0478412719056864,0.05525107062629542,0.06583968165672238,0.0,0.06297235914655985,0.07156811523868467,0.061286430949189175,0.0695671276694585,0.0002753175985155121,0.03940511399317059,-0.016372081564653973,0.025485767865208064,0.09197438267919877
-0.22921730730441706,3.6502301049483847,-4.034951200682623,1.807719447857362,-2.7768459891848725,-0.6300895646273093,0.5459355842188854,0.9679484987576584,2.834181862874017,1.4679104351238093,0.0,0.0,0.010467369887049216,0.0,0.0,0.0,0.0,0.0,0.0,0.0,0.0,0.0
-0.22921730730441706,3.6502301049483847,-4.034951200682623,1.807719447857362,-2.7768459891848725,-0.6300895646273093,0.5459355842188854,0.9679484987576584,2.834181862874017,1.4679104351238093,0.01825531747452991,0.01984119332700862,0.0,0.047672306586992175,0.009107438341647844,0.0327307789635809,0.020842525146321567,0.032315488238860546,0.05317110864348917,0.0705212454979105,0.018945954817812583,0.007066933203824011
2.6830134029551567,3.715735845858066,-4.8043197148512125,1.0634900101019253,-2.3959539729550396,-0.27740638457977873,1.2976393752521171,1.1295500026923497,2.586915301007448,1.4369643882886411,0.0,0.0,0.006786791147373572,0.0,0.0,0.0,0.0,0.0,0.0,0.0,0.0,0.0
2.6830134029551567,3.715735845858066,-4.8043197148512125,1.0634900101019253,-2.3959539729550396,-0.27740638457977873,1.2976393752521171,1.1295500026923497,2.586915301007448,1.4369643882886411,0.019947334966333274,-0.0033720427311645373,0.0,-0.04656763264485053,0.006317778701219412,0.024117029198429618,0.0374540747273675,-0.0034633413704537874,-0.013357478049643157,0.016093870817247558,-0.010087289297420421,0.06641143220788748
1.93652258551714,4.143056997254046,-4.480490951631093,1.2022610908337592,-2.505447788242955,0.22673510448466203,1.3512881209228322,0.5006402466562284,4.1089182641896596,1.0149759454290268,0.0,0.0,0.012772805687581767,0.0,0.0,0.0,0.0,0.0,0.0,0.0,0.0,0.0
1.93652258551714,4.143056997254046,-4.480490951631093,1.2022610908337592,-2.505447788242955,0.22673510448466203,1.3512881209228322,0.5006402466562284,4.1089182641896596,1.0149759454290268,0.014052187898083046,0.03617907281673993,0.0,0.08679892125854138,0.046636543401302744,0.024903572182532807,0.002103829563422366,0.0006683763711075041,0.027535498791398716,0.013288481374548189,0.0032700587165952477,-0.006042016346527901
1.5231460549652478,3.565312790876359,-4.022426034833212,1.3127225374816203,-2.0552351447348363,0.23580116175350951,0.7552505282313965,0.5125586980963333,3.1184475490487564,0.9727501479505868,0.0,0.0,0.043265029130552524,0.0,0.0,0.0,0.0,0.0,0.0,0.0,0.0,0.0
1.5231460549652478,3.565312790876359,-4.022426034833212,1.3127225374816203,-2.0552351447348363,0.23580116175350951,0.7552505282313965,0.5125586980963333,3.1184475490487564,0.9727501479505868,0.018810028019461633,0.01293650083466269,0.0,0.02054432095875125,0.01885197558548568,0.01799516784422961,0.02153458622215787,0.030723769244150434,0.007592761524916725,0.029805142934216766,0.004775102605700354,0.02955147062025487
-0.6961469226277971,1.9692796800564139,-2.2900047168908904,1.1730638877486903,-1.9175391930933627,0.05813374380063391,0.1525379120757669,0.6625939959325997,2.21559761716287,0.10798979866512723,0.0,0.0,-0.031396821413590015,0.0,0.0,0.0,0.0,0.0,0.0,0.0,0.0,0.0
-0.6961469226277971,1.9692796800564139,-2.2900047168908904,1.1730638877486903,-1.9175391930933627,0.05813374380063391,0.1525379120757669,0.6625939959325997,2.21559761716287,0.10798979866512723,-0.019584623077209207,-0.0001240827699092728,0.0,0.05460499415317388,-0.02551172742503882,-0.011784844963403929,-0.031355883236887094,-0.010626968077799837,-0.02260625494909596,-0.010933770573462565,-0.012220629317984844,-0.02957998640801751
-1.0272811496650027,1.6159653357632653,-1.8378322418730193,0.9741027429838031,-1.7031009769375287,0.22685384489405785,-0.20390601472246508,0.8535799943491613,2.0761957935955353,-0.255160871959275,0.0,0.0,-0.0438552050058052,0.0,0.0,0.0,0.0,0.0,0.0,0.0,0.0,0.0
-1.0272811496650027,1.6159653357632653,-1.8378322418730193,0.9741027429838031,-1.7031009769375287,0.22685384489405785,-0.20390601472246508,0.8535799943491613,2.0761957935955353,-0.255160871959275,-0.055040132985002876,-0.07713300327824302,0.0,-0.0632308324728571,-0.04631748397966495,-0.059524950654259,-0.07883925826062754,-0.036940124893399484,-0.047619192164084834,-0.019248317208026555,-0.031541385922476906,-0.054638642593386244
3.477712036521534,2.451256430472064,-2.4597827074220726,1.1213420578165796,-1.960237147422215,1.2855288300863192,-0.4186734993172912,0.20309670654040132,2.436018515961946,-0.35067575071084106,0.0,0.0,-0.02393032969781883,0.0,0.0,0.0,0.0,0.0,0.0,0.0,0.0,0.0
3.477712036521534,2.451256430472064,-2.4597827074220726,1.1213420578165796,-1.960237147422215,1.2855288300863192,-0.4186734993172912,0.20309670654040132,2.436018515961946,-0.35067575071084106,0.009989330958952714,0.033458776556088976,0.0,0.0015283477532661571,0.02714886359347002,0.010853203760846863,-0.00044583952409305017,-0.0035363577864311324,0.015000078652328774,0.022013131054464008,0.02010892763435357,0.02861147995266
-7.632933170153843,0.7497713567615834,0.3839623743658731,1.1541122123331016,-1.6691437929356974,0.0005172191986887825,-0.054390782787658326,0.6667389843284728,2.0611847574623225,-0.45384789373059703,0.0,0.0,0.03306093413838562,0.0,0.0,0.0,0.0,0.0,0.0,0.0,0.0,0.0
-7.632933170153843,0.7497713567615834,0.3839623743658731,1.1541122123331016,-1.6691437929356974,0.0005172191986887825,-0.054390782787658326,0.6667389843284728,2.0611847574623225,-0.45384789373059703,-0.025625830686321516,-0.03692620870125196,0.0,0.01920131943197645,-0.0202639727083902,-0.03146599740952083,-0.03798119391239163,-0.028665163746976585,-0.053717973976537214,-0.03010238009056254,-0.011982205600440388,-0.013629038748876221
-7.524471697369564,0.8742738752201062,0.4140867718213973,1.482847850859448,-2.1429052506053816,0.02331190242317663,-0.3259357252400043,0.6229981080540791,1.9650731519040985,-0.34234338173097206,0.0,0.0,-0.06256752696488432,0.0,0.0,0.0,0.0,0.0,0.0,0.0,0.0,0.0
-7.524471697369564,0.8742738752201062,0.4140867718213973,1.482847850859448,-2.1429052506053816,0.02331190242317663,-0.3259357252400043,0.6229981080540791,1.9650731519040985,-0.34234338173097206,-0.04075667884877099,-0.05683824237490542,0.0,-0.05552076210989465,-0.054256607732661166,-0.052024896967868606,-0.03129093107313263,-0.00815028308464516,-0.05974227161673695,-0.028762706478680955,-0.03481723936214054,-0.05872371373228058
-7.82176488391449,0.7076787294080564,0.5598174445035077,1.2268181939556222,-2.0905981043133774,0.4900294662256356,-0.47756314529863486,1.3655942086982062,1.9404313033972118,-0.915727239969772,0.0,0.0,-0.0581127138984171,0.0,0.0,0.0,0.0,0.0,0.0,0.0,0.0,0.0
-7.82176488391449,0.7076787294080564,0.5598174445035077,1.2268181939556222,-2.0905981043133774,0.4900294662256356,-0.47756314529863486,1.3655942086982062,1.9404313033972118,-0.915727239969772,-0.026561206738974663,-0.018384223351843754,0.0,-0.030494633295002016,-0.023734491494287524,-0.023482324500517238,-0.031751412118562916,-0.03157054661516079,-0.05208679139599859,-0.07365773074033444,-0.000571612877521388,-0.02839658454278815
-5.627969433016327,1.373853767933788,0.15282605100779334,1.8639928911419066,-2.1613971210807486,0.5357098405172234,-0.3396082927922527,0.37528725765288984,2.5265720271219383,-0.374861917183637,0.0,0.0,-0.02278048267799948,0.0,0.0,0.0,0.0,0.0,0.0,0.0,0.0,0.0
-5.627969433016327,1.373853767933788,0.15282605100779334,1.8639928911419066,-2.1613971210807486,0.5357098405172234,-0.3396082927922527,0.37528725765288984,2.5265720271219383,-0.374861917183637,0.02869445819512695,0.04443449814147704,0.0,0.13553713239199872,0.03263712223103088,0.03430977619389908,0.040049434611485246,-0.005890438494200456,-0.007297419898084412,-0.02529940977956202,0.020113948663107895,0.002408898829381778
-7.258319360358703,1.0150410621591637,0.43902590915321543,1.5163976516195945,-2.0313278658304843,0.6949853657534573,-0.5013602092550684,0.2156905178870247,1.7607383679589486,-0.7563425104313436,0.0,0.0,0.017539980297698765,0.0,0.0,0.0,0.0,0.0,0.0,0.0,0.0,0.0
-7.258319360358703,1.0150410621591637,0.43902590915321543,1.5163976516195945,-2.0313278658304843,0.6949853657534573,-0.5013602092550684,0.2156905178870247,1.7607383679589486,-0.7563425104313436,-0.019373165955624216,-0.009266811968339117,0.0,0.011523423088056317,-0.0031605160589011083,-0.0020731134210217883,-0.04581189836218369,0.01866392132205985,-0.020639127142169866,-0.031485126260557106,-0.004230840303052208,-0.03528760272834497
-1.8162994392380798,3.2494474358398873,0.9951535589479519,2.1831137412537025,-1.450392128487533,1.4354555917423353,-0.7243596876874282,0.6858803721101018,1.0318833035706756,-0.5190029073553297,0.0,0.0,-0.01539085046892974,0.0,0.0,0.0,0.0,0.0,0.0,0.0,0.0,0.0
-1.8162994392380798,3.2494474358398873,0.9951535589479519,2.1831137412537025,-1.450392128487533,1.4354555917423353,-0.7243596876874282,0.6858803721101018,1.0318833035706756,-0.5190029073553297,-0.0015301221335155546,-0.00935383521669908,0.0,0.013191305025755051,-0.008877668490793855,-0.003693459021745671,0.0076553637415193165,-0.013086855885523496,-0.0060621165431018476,-0.014272162387965137,-0.007856356765025718,-0.015300493589171515
-4.110063115118343,2.9988140718633924,0.788163890096751,2.903931092920368,-1.7327779918449255,0.4990392757426698,-0.005873161543569046,1.5626553218593857,1.7867126386102248,0.8898443234553467,0.0,0.0,0.0452271690001429,0.0,0.0,0.0,0.0,0.0,0.0,0.0,0.0,0.0
-4.110063115118343,2.9988140718633924,0.788163890096751,2.903931092920368,-1.7327779918449255,0.4990392757426698,-0.005873161543569046,1.5626553218593857,1.7867126386102248,0.8898443234553467,0.03987303164442224,0.058798475508353265,0.0,0.05266887247491803,0.06717848692558759,0.07124656284609832,0.025433282450712857,0.05495770090917351,0.04472858599238294,0.055501909741233924,0.056157131346475264,0.04668639984899503
-1.2642437385602165,4.196531041790926,1.3615068170285407,2.7465293384802654,-1.9444956360301857,1.1317994194615255,-0.8503654823733898,1.463676555649995,1.7303695525032183,-0.12880315362299627,0.0,0.0,-0.02233307042917332,0.0,0.0,0.0,0.0,0.0,0.0,0.0,0.0,0.0
-1.2642437385602165,4.196531041790926,1.3615068170285407,2.7465293384802654,-1.9444956360301857,1.1317994194615255,-0.8503654823733898,1.463676555649995,1.7303695525032183,-0.12880315362299627,-0.023606488468952413,-0.015133307117231487,0.0,0.015516009701355138,-0.0017983088953106297,0.011895851920602052,-0.04316318956181597,-0.008240182007968277,-0.007784430496589612,0.016308568370259735,-0.0052787920574433045,-0.05848224218523168
-9.666598735546572,0.6423036174013003,1.2734107448617842,1.385720220502649,-1.8326621313583868,1.2070471910420946,-0.07769339471816158,0.9467132864492733,1.0399067872337464,-0.582718694065378,0.0,0.0,-0.06750963720789194,0.0,0.0,0.0,0.0,0.0,0.0,0.0,0.0,0.0
-9.666598735546572,0.6423036174013003,1.2734107448617842,1.385720220502649,-1.8326621313583868,1.2070471910420946,-0.07769339471816158,0.9467132864492733,1.0399067872337464,-0.582718694065378,0.0638257085704117,0.10138574120363009,0.0,0.0019929588041869284,0.06846816288249724,0.06433675770707126,0.10166631000165038,0.03647385531581393,0.0860185323846725,0.032543438562119054,0.03660962647447996,0.039087770535102484
-1.3893664523635356,3.1773826347686978,1.0063359017560034,1.728372072373945,-1.6093138199807346,2.422969157030356,-0.07992763794812206,0.4951209196809971,0.8996443337290531,0.38076663913946585,0.0,0.0,0.09405080775223751,0.0,0.0,0.0,0.0,0.0,0.0,0.0,0.0,0.0
-1.3893664523635356,3.1773826347686978,1.0063359017560034,1.728372072373945,-1.6093138199807346,2.422969157030356,-0.07992763794812206,0.4951209196809971,0.8996443337290531,0.38076663913946585,-0.001140083439659767,-0.010214100928657932,0.0,0.020552506521881675,-0.014052547576895336,-0.008836223624459683,0.007945207557817913,0.003940271773482218,-0.030701584423754258,-0.02076998940269159,-0.01350332641257912,-0.0062813997984740855
-5.120559930976789,0.2855612378186964,-2.146276969693799,-2.0646342271101847,-3.272767491923237,6.438605840855128,-1.0108725982786788,-1.044611780716542,0.5168920684354401,1.4398673421965815,0.0,0.0,-0.009796086934891979,0.0,0.0,0.0,0.0,0.0,0.0,0.0,0.0,0.0
-5.120559930976789,0.2855612378186964,-2.146276969693799,-2.0646342271101847,-3.272767491923237,6.438605840855128,-1.0108725982786788,-1.044611780716542,0.5168920684354401,1.4398673421965815,0.02074878687930992,0.036999714690722385,0.0,-0.0016242391950173074,0.02594066950745777,0.02228737438570172,0.01849344861712776,0.03126270544915655,0.026616880346309824,0.046128784538709056,0.025421071506127157,0.012429065512503668
0.5747215140422854,3.2190797790731778,1.415193169817646,1.521966700251764,-1.6345368409104495,3.772342123178654,-0.8550749850035697,-0.2332941033857596,1.2749982639323871,0.37971458965114674,0.0,0.0,0.013527144842270689,0.0,0.0,0.0,0.0,0.0,0.0,0.0,0.0,0.0
0.5747215140422854,3.2190797790731778,1.415193169817646,1.521966700251764,-1.6345368409104495,3.772342123178654,-0.8550749850035697,-0.2332941033857596,1.2749982639323871,0.37971458965114674,0.01232554086561799,0.005461084633075153,0.0,-0.014749079668716858,0.003056320307203597,0.008324263835445489,0.013171256002723952,0.008398729918825731,0.01529688047972444,0.011910073162262336,0.0225904574997271,0.02525413406571886
2.266545581352398,3.713339239378027,1.8879405123731972,2.2283486653978977,-1.386185957212122,2.929768401690399,-0.3849221119752722,0.021074840728294207,0.9212926379409729,-0.045056726435686735,0.0,0.0,0.03466122959870099,0.0,0.0,0.0,0.0,0.0,0.0,0.0,0.0,0.0
2.266545581352398,3.713339239378027,1.8879405123731972,2.2283486653978977,-1.386185957212122,2.929768401690399,-0.3849221119752722,0.021074840728294207,0.9212926379409729,-0.045056726435686735,-0.02734562647221106,-0.012794313891636322,0.0,-0.06725355988155202,-0.04099723943738043,-0.01827992701219383,-0.032537574521628754,-0.004684971931476767,-0.019918225084160968,-0.0023821660432135072,0.002510426035526203,-0.04180630472196345
-1.9181548576643561,3.3893526115817783,1.1912395722520355,1.5960790496739037,-1.8171876081511629,2.6354845890302836,-0.5652748433596884,-0.385557734054541,1.1757245893096837,-0.40231088659593156,0.0,0.0,-0.04813244225909996,0.0,0.0,0.0,0.0,0.0,0.0,0.0,0.0,0.0
-1.9181548576643561,3.3893526115817783,1.1912395722520355,1.5960790496739037,-1.8171876081511629,2.6354845890302836,-0.5652748433596884,-0.385557734054541,1.1757245893096837,-0.40231088659593156,-0.016681812071947744,-0.028976624553786468,0.0,0.007906469493405677,-0.019064182861446066,-0.013715115555851254,-0.01920740166217083,-0.016344248598328392,0.00677437837978867,0.007022229814747094,-0.01602637808901486,-0.02556398477696442
-2.4689184985076396,2.475229547405103,-2.758048460632728,-0.9817135169865135,-2.257731269646185,4.250345791189933,-0.5469050160934656,0.738057656608238,0.6451709512747524,-0.9643849761964145,0.0,0.0,-0.028114815759316514,0.0,0.0,0.0,0.0,0.0,0.0,0.0,0.0,0.0
-2.4689184985076396,2.475229547405103,-2.758048460632728,-0.9817135169865135,-2.257731269646185,4.250345791189933,-0.5469050160934656,0.738057656608238,0.6451709512747524,-0.9643849761964145,-0.022867856480710325,-0.018131496645414247,0.0,-0.012176479842969212,-0.005889147030641029,-0.007206712631631085,-0.036535250433784916,-0.005848571682959602,-0.048913142186340686,-0.021059898173317104,-0.010979418712549927,-0.0579658342959789
-7.229008823951108,-0.05453929856018277,-4.172133029975812,-2.532623610452909,-3.542709563035031,3.6494872997781016,-0.04588526763912425,-1.2061791175928995,-0.08873572883273576,-0.9116431226414211,0.0,0.0,-0.005202886515701111,0.0,0.0,0.0,0.0,0.0,0.0,0.0,0.0,0.0
-7.229008823951108,-0.05453929856018277,-4.172133029975812,-2.532623610452909,-3.542709563035031,3.6494872997781016,-0.04588526763912425,-1.2061791175928995,-0.08873572883273576,-0.9116431226414211,0.011769329025521857,0.00970511638213667,0.0,0.04083486105958012,0.022067811715514418,0.012888540671696092,0.003999325582981772,0.008921546731155638,0.025664445241160738,0.022402362128078446,0.006481660708757442,0.010228972075303044
-2.237160517722317,1.8282712309859281,-1.5225713198020274,-0.18409746036972732,-2.0639479472844147,1.6267777047460845,-0.18838517511257505,-0.5781473536316406,0.36406413359218,-1.5189870997664996,0.0,0.0,0.0064464576627139,0.0,0.0,0.0,0.0,0.0,0.0,0.0,0.0,0.0
-2.237160517722317,1.8282712309859281,-1.5225713198020274,-0.18409746036972732,-2.0639479472844147,1.6267777047460845,-0.18838517511257505,-0.5781473536316406,0.36406413359218,-1.5189870997664996,-0.010588282926166093,-0.006775040283296563,0.0,-0.01138992819175555,0.009332292273986909,-0.003854146065078834,-0.02752574847182243,-0.014815929522842608,-0.012342486225704552,-0.022197115633823206,-0.014008991820741334,-0.003629068931581436
1.9446817989889311,3.809292359076989,-0.4036875648567215,1.3879194326341664,-1.6104190053377174,1.2754369170628832,-0.4509618428917139,-0.2849915158494582,0.4507799016436472,-1.1745287722210922,0.0,0.0,0.05021873284542844,0.0,0.0,0.0,0.0,0.0,0.0,0.0,0.0,0.0
1.9446817989889311,3.809292359076989,-0.4036875648567215,1.3879194326341664,-1.6104190053377174,1.2754369170628832,-0.4509618428917139,-0.2849915158494582,0.4507799016436472,-1.1745287722210922,0.046338429430305306,0.07181487355875649,0.0,0.04526941640065907,0.035827593110969724,0.04439009773623215,0.07377415174462354,0.007858208864064187,0.08095641720800595,0.02859170946088896,0.0031243414406114667,0.0725353834430238
-0.3612001092783185,2.6005666273630883,0.14795537156962843,0.5853970887080171,-1.7137834924711137,1.0301689438552,-0.06674768691261863,-0.43409698408618025,0.057390905038654884,-0.9931317373006519,0.0,0.0,0.038690530403092005,0.0,0.0,0.0,0.0,0.0,0.0,0.0,0.0,0.0
-0.3612001092783185,2.6005666273630883,0.14795537156962843,0.5853970887080171,-1.7137834924711137,1.0301689438552,-0.06674768691261863,-0.43409698408618025,0.057390905038654884,-0.9931317373006519,-0.02095917069286235,-0.025576335103986714,0.0,-0.002560808507333645,-0.029288509032786236,-0.048255019591155746,-0.017214728970569415,-0.03132141101465502,-0.025634473612124897,-0.03869228797773361,-0.011939270242023792,-0.01958066128360403
4.574206886175799,5.7513770223347525,0.45308010841090235,2.686003307514847,-1.397349145433974,1.0396003913411882,0.2103382808136314,-0.20457764963484484,0.6433343489569403,-0.2539742701828484,0.0,0.0,0.014326690049736301,0.0,0.0,0.0,0.0,0.0,0.0,0.0,0.0,0.0
4.574206886175799,5.7513770223347525,0.45308010841090235,2.686003307514847,-1.397349145433974,1.0396003913411882,0.2103382808136314,-0.20457764963484484,0.6433343489569403,-0.2539742701828484,0.04145242916592018,0.031053273080307253,0.0,0.03929028358097386,0.041666585183790295,0.031650119835985535,0.0645138574775983,0.01401603909090765,0.03146748934213206,0.001017183866834026,0.00397769505766199,0.0657381614956214
-0.02851770982677319,4.984084103811318,0.6979072669701264,2.238521289709967,-1.1570156979155288,0.5942800614820133,0.16772049282728319,0.807641437712366,0.26215547984284554,-0.45815203208471766,0.0,0.0,0.04124304655796318,0.0,0.0,0.0,0.0,0.0,0.0,0.0,0.0,0.0
-0.02851770982677319,4.984084103811318,0.6979072669701264,2.238521289709967,-1.1570156979155288,0.5942800614820133,0.16772049282728319,0.807641437712366,0.26215547984284554,-0.45815203208471766,0.02972197763013873,0.015178911687571572,0.0,-0.07475029662564181,0.011310133953349899,0.026509118026799783,0.05017236947548276,0.00848512620938946,0.04601163185869761,0.006822488922025194,-0.005158099186800658,0.07987000363265895
3.8301054553755205,5.461964450490505,1.1998031826333768,2.9826186808268025,-2.4347300495605215,1.2305512748931335,0.5450119816786246,-0.6538072089083512,0.4983613232907258,-0.44905828325511205,0.0,0.0,0.05263156769522559,0.0,0.0,0.0,0.0,0.0,0.0,0.0,0.0,0.0
3.8301054553755205,5.461964450490505,1.1998031826333768,2.9826186808268025,-2.4347300495605215,1.2305512748931335,0.5450119816786246,-0.6538072089083512,0.4983613232907258,-0.44905828325511205,-0.023249764416595986,-0.037791433669913,0.0,0.007660925457204426,-0.007910428627057264,-0.01905410960385967,-0.01350019027948346,-0.018862907143710195,-0.0427925806934204,-0.04282034379167199,-0.013751252376110301,-0.04002311882861398
2.2995042021058274,4.662151072188944,1.0115909744905935,2.4131472220623547,-2.3196312920905813,0.9945945844711024,-0.18515886242103943,-0.8005387101703487,-0.15333664852050186,-0.92397872716874,0.0,0.0,-0.05567010085936852,0.0,0.0,0.0,0.0,0.0,0.0,0.0,0.0,0.0
2.2995042021058274,4.662151072188944,1.0115909744905935,2.4131472220623547,-2.3196312920905813,0.9945945844711024,-0.18515886242103943,-0.8005387101703487,-0.15333664852050186,-0.92397872716874,0.0029232252523487823,0.004160128929942886,0.0,0.009215575375921992,0.0002750622247107426,0.009268481114719451,0.0039706680058493315,0.006085619931343489,-0.0057439957037329625,0.02048516446831994,-0.0032758581715921498,0.004202567776429467
-0.7287185762483004,2.66953512016175,0.46704057674059235,1.9069713619575634,-2.295456828367966,0.1360274729353447,-0.34271735801886744,-0.6055263708176664,0.12953463009497138,-1.474959922319222,0.0,0.0,0.007096021109408213,0.0,0.0,0.0,0.0,0.0,0.0,0.0,0.0,0.0
-0.7287185762483004,2.66953512016175,0.46704057674059235,1.9069713619575634,-2.295456828367966,0.1360274729353447,-0.34271735801886744,-0.6055263708176664,0.12953463009497138,-1.474959922319222,-0.018663706861741347,-0.01730257617733444,0.0,-0.03241625174287277,-0.020615741072894433,-0.014361095610300523,-0.021399668775055836,0.006324003158135305,-0.024114485856399748,-0.01712195718322107,-0.004815990084960697,-0.029095219527411675
8.540916394150107,6.400723107909646,-0.04924007083154893,3.7619717594946467,-1.6227271564010828,0.7947919155243489,-0.7110788752964611,-0.9512034783697767,0.30452997955789046,-1.8067533310817283,0.0,0.0,-0.03812113093428782,0.0,0.0,0.0,0.0,0.0,0.0,0.0,0.0,0.0
8.540916394150107,6.400723107909646,-0.04924007083154893,3.7619717594946467,-1.6227271564010828,0.7947919155243489,-0.7110788752964611,-0.9512034783697767,0.30452997955789046,-1.8067533310817283,-0.007113309476504681,0.03422219007530303,0.0,0.015571379273519703,-0.005613252308950045,0.016552613829408758,-0.009887439904928241,-0.009835911076095605,-0.01904778293190401,-0.021774983523598523,-0.018818629346726734,-0.020046406753718382
-1.0574301268847168,1.9900771297049145,1.2373021839279197,2.1849659340010525,-2.6506164954574376,-1.1359554817675295,0.254608598768776,-2.0197149101375684,-0.540518620811048,-0.9721612629770547,0.0,0.0,0.028549976946639744,0.0,0.0,0.0,0.0,0.0,0.0,0.0,0.0,0.0
-1.0574301268847168,1.9900771297049145,1.2373021839279197,2.1849659340010525,-2.6506164954574376,-1.1359554817675295,0.254608598768776,-2.0197149101375684,-0.540518620811048,-0.9721612629770547,-0.015710927740075098,-0.04232119996267436,0.0,-0.02776160604990796,-0.05334472791417699,-0.016380609291926196,0.007361963050722231,-0.014072909751440488,-0.021516466928582556,0.004758919474052936,-0.0209017306990823,-0.025414054170311395
-8.722879673582105,-0.1979705493668764,1.225180452805982,0.4426280187600381,-2.37247712400218,-1.4961740582326892,-0.19864651370717187,-0.9967080622930141,-0.17200659862768924,-0.9246521245175067,0.0,0.0,-0.045653728573832875,0.0,0.0,0.0,0.0,0.0,0.0,0.0,0.0,0.0
-8.722879673582105,-0.1979705493668764,1.225180452805982,0.4426280187600381,-2.37247712400218,-1.4961740582326892,-0.19864651370717187,-0.9967080622930141,-0.17200659862768924,-0.9246521245175067,0.01162008190926156,-0.039809463307536985,0.0,-0.06571096485962113,-0.04561716012593753,-0.02577320159110652,0.03950802632837891,0.016512569951227407,-0.005631575674752032,0.03315535904867439,0.01942917350215323,0.02564683948463431
-1.7441407913724123,3.499829841263174,1.0277259277697874,1.2947576176898494,-2.0907863972959775,-0.5239232189703227,-0.50157867626164,-1.2841653178134793,-0.6395723833148579,-0.43837614124694346,0.0,0.0,0.05262138469669564,0.0,0.0,0.0,0.0,0.0,0.0,0.0,0.0,0.0
-1.7441407913724123,3.499829841263174,1.0277259277697874,1.2947576176898494,-2.0907863972959775,-0.5239232189703227,-0.50157867626164,-1.2841653178134793,-0.6395723833148579,-0.43837614124694346,-0.0074219966616884125,-0.006649530792305458,0.0,-0.007800345201343872,-0.03124014362019434,-0.018009655807229796,0.013364832353466305,-0.012252172356448154,-0.06634334193108438,-0.057971306778550113,-0.015215994444476189,-0.007892816619577192
4.262910114675641,4.792931570126723,0.3725462594770785,2.098248282025327,-2.5945840058907423,-0.4383536869304547,0.22048148758259273,-1.6203623431940941,-0.20130838180441263,-0.12223658774232819,0.0,0.0,0.029812950023669016,0.0,0.0,0.0,0.0,0.0,0.0,0.0,0.0,0.0
4.262910114675641,4.792931570126723,0.3725462594770785,2.098248282025327,-2.5945840058907423,-0.4383536869304547,0.22048148758259273,-1.6203623431940941,-0.20130838180441263,-0.12223658774232819,0.03070089520961994,0.046268827892040676,0.0,0.07125285063318798,0.03056520856239464,0.0389566808146069,0.02492567840049098,0.03785747315028054,0.06413403355849878,0.06272087282827754,0.024128933901488736,0.028544580160932753
-4.114336314435036,1.6624167445846436,0.637299625202372,0.15570020013241964,-2.057663003493901,-0.606182180434931,0.13353704821642526,-1.4079558920896715,0.07504604256469807,-0.5243089170095552,0.0,0.0,0.02609890205429588,0.0,0.0,0.0,0.0,0.0,0.0,0.0,0.0,0.0
-4.114336314435036,1.6624167445846436,0.637299625202372,0.15570020013241964,-2.057663003493901,-0.606182180434931,0.13353704821642526,-1.4079558920896715,0.07504604256469807,-0.5243089170095552,0.013599201477401568,0.003275890557892014,0.0,0.03306587846847964,0.005974840718932617,-0.02092946880872404,0.0012759143652343319,0.016866994509187716,0.014215420145188506,0.0388391865382518,0.04239235182540968,-0.00494351001318194
3.9853247755698873,5.197027259227924,-0.014985005735012852,1.8327201516730385,-2.988926997827841,-0.5309790759306974,0.5708605109202859,-2.199729347343767,0.38087518667568654,0.4068855577412862,0.0,0.0,0.016560294891477367,0.0,0.0,0.0,0.0,0.0,0.0,0.0,0.0,0.0
3.9853247755698873,5.197027259227924,-0.014985005735012852,1.8327201516730385,-2.988926997827841,-0.5309790759306974,0.5708605109202859,-2.199729347343767,0.38087518667568654,0.4068855577412862,0.010459600865996288,0.02373467151394304,0.0,0.024593958389985904,0.017818186595271124,0.02229724022399293,0.00275053848577711,0.0039808449283826874,0.0037735592659886574,-0.0020053586476154184,0.016027432424097876,0.012282079631247944
7.431955955974709,6.6780990792279225,0.225583215432712,4.454065028284711,-3.0273572562101374,-1.105670164055852,0.8207788955006239,-3.144057260241398,0.3020472888399502,2.43413702626266,0.0,0.0,0.005090708034231728,0.0,0.0,0.0,0.0,0.0,0.0,0.0,0.0,0.0
7.431955955974709,6.6780990792279225,0.225583215432712,4.454065028284711,-3.0273572562101374,-1.105670164055852,0.8207788955006239,-3.144057260241398,0.3020472888399502,2.43413702626266,-0.003845262729788468,-0.0012267431185679634,0.0,-0.018261180396803356,0.02395572758929121,0.00890436126001859,-0.008295284482168208,0.004758029242349471,-0.0026853631631306163,-0.003588372012903629,-0.016659428565237944,-0.006475681279346723
5.378966948447943,5.255444155123931,0.18286612359518306,3.5235630184908087,-2.3408407180809037,-1.146300192626139,0.42862016244981876,-1.1334029415612679,0.12037436382063703,1.6297011551166758,0.0,0.0,-0.02600024387211597,0.0,0.0,0.0,0.0,0.0,0.0,0.0,0.0,0.0
5.378966948447943,5.255444155123931,0.18286612359518306,3.5235630184908087,-2.3408407180809037,-1.146300192626139,0.42862016244981876,-1.1334029415612679,0.12037436382063703,1.6297011551166758,0.0012867787362540462,-0.022107409233779518,0.0,-0.01930276373925599,-0.01679674065593706,-0.01784989826004557,0.006543453869720883,0.013286032501995226,0.004846510391479875,-0.004897636501862146,-0.007496325574213092,0.011800270955068415
4.664515425520347,5.313839254522831,0.10407665169804219,2.867014535664393,-1.9226723315897136,-1.2694194415787612,-0.5270918252947032,-1.0600165853862429,-0.31577378433974507,0.7122214279005844,0.0,0.0,0.038308122570081204,0.0,0.0,0.0,0.0,0.0,0.0,0.0,0.0,0.0
4.664515425520347,5.313839254522831,0.10407665169804219,2.867014535664393,-1.9226723315897136,-1.2694194415787612,-0.5270918252947032,-1.0600165853862429,-0.31577378433974507,0.7122214279005844,-0.01765248647696893,-0.016076594584799486,0.0,-0.06823317350231317,-0.03752280100932348,-0.010197914049159706,-0.011192243948248803,-0.007269802932501124,-0.01205772496940516,-0.007093405543400211,0.0,-0.021765593229234548
7.271005893544027,5.8179357840466395,-0.718449475141729,2.240456437979389,-2.0900434471507743,-1.0362420889126092,0.06298894623055454,-0.9989431469205728,-0.15028265813443345,0.9961005327511072,0.0,0.0,-0.026210275883933987,0.0,0.0,0.0,0.0,0.0,0.0,0.0,0.0,0.0
7.271005893544027,5.8179357840466395,-0.718449475141729,2.240456437979389,-2.0900434471507743,-1.0362420889126092,0.06298894623055454,-0.9989431469205728,-0.15028265813443345,0.9961005327511072,0.01727850609237258,-0.004850521269078145,0.0,0.0037127192653954033,0.015213820539718315,0.003876381085545777,0.02446803125692054,0.004576940363379967,0.004068182103052598,0.0008747867143577004,-0.00022653163892893957,0.033409534597551804
9.171410305546281,6.261360531133716,-1.3995195818517945,1.9772097320617945,-1.9179278964591273,-0.5856540971679608,-0.1393454466376084,-1.0798382277186942,-0.622808515170859,0.7624619147315396,0.0,0.0,0.023658429819553906,0.0,0.0,0.0,0.0,0.0,0.0,0.0,0.0,0.0
9.171410305546281,6.261360531133716,-1.3995195818517945,1.9772097320617945,-1.9179278964591273,-0.5856540971679608,-0.1393454466376084,-1.0798382277186942,-0.622808515170859,0.7624619147315396,0.017227526532251014,0.006028690295630357,0.0,0.008035559046418728,0.02216677166248404,0.016360111141940692,0.04234171164736256,-0.012366461769897863,-0.020259176187058636,-0.035542437527893544,-0.012616175815348685,0.02508561883110816
4.318536517330984,4.7106689968420765,-2.642822753946609,1.0197218402741965,-3.182779388092562,-1.39088398069531,0.48870954185248555,-0.45417962703480136,0.049002472289766445,0.4706726692535067,0.0,0.0,0.028470948555604503,0.0,0.0,0.0,0.0,0.0,0.0,0.0,0.0,0.0
4.318536517330984,4.7106689968420765,-2.642822753946609,1.0197218402741965,-3.182779388092562,-1.39088398069531,0.48870954185248555,-0.45417962703480136,0.049002472289766445,0.4706726692535067,-0.010924803494609336,-0.03276820501769684,0.0,0.0006328218375986072,-0.027183787391098835,-0.024095154981459088,0.017010661895084267,-0.03545558620056588,-0.027019507254407937,-0.024467757364442844,-0.02226457059146747,-0.02846301379682381
5.027620761018433,4.391167799043542,-3.7445908641408847,-0.004025894062205311,-2.3117750986561436,-0.3334738046696006,-0.2317170567834789,-0.7015537820823247,-0.6578091701755053,-0.5156829471980172,0.0,0.0,0.012213000752994807,0.0,0.0,0.0,0.0,0.0,0.0,0.0,0.0,0.0
5.027620761018433,4.391167799043542,-3.7445908641408847,-0.004025894062205311,-2.3117750986561436,-0.3334738046696006,-0.2317170567834789,-0.7015537820823247,-0.6578091701755053,-0.5156829471980172,0.017291849674173188,0.0021090865301038875,0.0,-0.019474020512696977,0.007849244282222001,0.004917472776005072,0.03569866595612958,-0.007788945232375832,0.021535663680972705,-0.0021674909278549537,0.006886162214807756,0.03313594181064805
8.113796299150412,6.091152750142564,-4.225992966865708,1.1311402163627722,-1.870346880111237,-1.1580284602794526,-0.9242602339039278,-0.08518740933250281,0.6513085027624141,0.8768798389673346,0.0,0.0,0.016087418702871892,0.0,0.0,0.0,0.0,0.0,0.0,0.0,0.0,0.0
8.113796299150412,6.091152750142564,-4.225992966865708,1.1311402163627722,-1.870346880111237,-1.1580284602794526,-0.9242602339039278,-0.08518740933250281,0.6513085027624141,0.8768798389673346,0.017329395267227987,0.047882349974048166,0.0,0.054681196295061074,0.03239885981904522,0.04669178990020706,-0.004579714808285229,0.00853884263564364,0.03495168825962369,0.03615213860425648,0.010492040880329068,0.04543662234325008
4.10253862759336,4.828474992046048,-4.265229646638825,0.5871183390449461,-2.3127408641571434,-0.8567384007551025,-0.26022662638094646,0.7494002732923432,-0.05458952994583491,-0.2782279209866482,0.0,0.0,0.0007917319936807665,0.0,0.0,0.0,0.0,0.0,0.0,0.0,0.0,0.0
4.10253862759336,4.828474992046048,-4.265229646638825,0.5871183390449461,-2.3127408641571434,-0.8567384007551025,-0.26022662638094646,0.7494002732923432,-0.05458952994583491,-0.2782279209866482,0.03138921345260637,0.02372593779070753,0.0,-0.009782119708969694,0.015389354971938163,0.028733040194871773,0.05714620215066235,0.01843496282486723,0.011256957690328973,0.0023957632791618,0.01692072501157238,0.039034772914991356
-0.16692400409031735,2.073600426949602,-3.4029877902871104,-0.6616539306905737,-2.3611567997468184,-0.07481983568092641,-0.23932706110175603,0.08741200494872278,-0.10606138887066256,-1.2580613948210786,0.0,0.0,0.024521415583040662,0.0,0.0,0.0,0.0,0.0,0.0,0.0,0.0,0.0
-0.16692400409031735,2.073600426949602,-3.4029877902871104,-0.6616539306905737,-2.3611567997468184,-0.07481983568092641,-0.23932706110175603,0.08741200494872278,-0.10606138887066256,-1.2580613948210786,-0.013759569706809471,-0.015082874461768703,0.0,-0.037787044969548655,-0.022882733235450092,-0.014675335720177984,-0.023649952583022493,-0.004156812004785682,-0.039226065935387466,-0.014042267934305963,0.0016635130578253055,0.004560930804498486
9.319966957189875,6.24181058611289,-4.71100687722269,0.06832381751726942,-1.6310746228530675,-0.011408550834264704,-0.8908684671264768,0.392963078486891,-0.10177671945915044,-0.8011612817431903,0.0,0.0,-0.010809240105778772,0.0,0.0,0.0,0.0,0.0,0.0,0.0,0.0,0.0
9.319966957189875,6.24181058611289,-4.71100687722269,0.06832381751726942,-1.6310746228530675,-0.011408550834264704,-0.8908684671264768,0.392963078486891,-0.10177671945915044,-0.8011612817431903,0.007393497982030484,0.027174621654486142,0.0,0.04415243360520571,0.020983849216303252,0.026573631117221774,0.005856063644414711,-0.002939948090918021,0.04443104672789744,-0.011506547373251852,-0.003920075310026916,0.0037473156047096445
3.0336932096990674,3.084007967327189,-4.922494530368137,-0.9297628248996022,-3.188201057372238,0.735744486645296,0.08761834240194617,-0.44482605268183256,-0.26508282322253335,-1.2647293507581412,0.0,0.0,0.01757265163198496,0.0,0.0,0.0,0.0,0.0,0.0,0.0,0.0,0.0
3.0336932096990674,3.084007967327189,-4.922494530368137,-0.9297628248996022,-3.188201057372238,0.735744486645296,0.08761834240194617,-0.44482605268183256,-0.26508282322253335,-1.2647293507581412,0.0035379652686482466,-0.019001097597305727,0.0,-0.01934289961160318,0.0035907931593497366,-0.00422906003503265,0.0047914467766918545,0.012239917184375448,0.012533037599334662,0.01776890167233658,-0.006545871109695622,0.00882641962970454
9.89176099478682,6.4588263198715925,-5.159127243652034,-0.24834545087464388,-2.5731045953231093,-0.7781817927468121,-0.2734357038315987,0.5944401817122985,0.5381106111664842,-0.04909546753256002,0.0,0.0,-0.0004609641378099383,0.0,0.0,0.0,0.0,0.0,0.0,0.0,0.0,0.0
9.89176099478682,6.4588263198715925,-5.159127243652034,-0.24834545087464388,-2.5731045953231093,-0.7781817927468121,-0.2734357038315987,0.5944401817122985,0.5381106111664842,-0.04909546753256002,0.022517511896350317,0.039855827620604245,0.0,0.057782208912523725,0.028026234719893184,0.028029530511533896,0.024947604468725793,-0.0053741104147193575,0.02159612548256673,0.018824804934459927,-0.0058994579943817405,0.03139048958852175
10.732786433473878,7.431131235935963,-5.867863171806511,0.6639549645538099,-1.8140282535403787,-0.7080827081928491,-0.14315604129540302,0.7890802033611859,1.3145988894744456,0.3053016732573673,0.0,0.0,0.03228261189460824,0.0,0.0,0.0,0.0,0.0,0.0,0.0,0.0,0.0
10.732786433473878,7.431131235935963,-5.867863171806511,0.6639549645538099,-1.8140282535403787,-0.7080827081928491,-0.14315604129540302,0.7890802033611859,1.3145988894744456,0.3053016732573673,0.005827892791556266,-0.00011945683894232229,0.0,-0.0011951620742365332,0.02610181417769919,0.010465337484345527,-0.00017019513241922635,0.018100886505303837,-0.009280707613190442,0.005066308148460541,0.03953749429071518,-0.020232679789904395
7.77462199334892,6.841143289152873,-4.700436675570503,0.703590563197282,-2.605677440799757,-0.9198388267037042,-0.41387337153712106,0.8821595358662199,1.9197291715314355,0.08613512940914932,0.0,0.0,-0.023677979340752553,0.0,0.0,0.0,0.0,0.0,0.0,0.0,0.0,0.0
7.77462199334892,6.841143289152873,-4.700436675570503,0.703590563197282,-2.605677440799757,-0.9198388267037042,-0.41387337153712106,0.8821595358662199,1.9197291715314355,0.08613512940914932,0.0006854779984348802,0.011225402161967546,0.0,0.02429402398915026,-0.0070659733703369865,-0.005360081014250451,-0.0038019359731814584,-0.0006634126872659962,-0.01118915678083976,-0.0038546921413238344,-0.0006670184781221167,-0.006201061365288529
7.16069814916899,5.45275260899478,-4.509086754601309,0.3830762027328257,-1.811263547281114,-1.0190758647174445,-0.03897398274899327,2.226657005229476,1.1509144986863649,0.7567074263184193,0.0,0.0,0.04957275227075675,0.0,0.0,0.0,0.0,0.0,0.0,0.0,0.0,0.0
7.16069814916899,5.45275260899478,-4.509086754601309,0.3830762027328257,-1.811263547281114,-1.0190758647174445,-0.03897398274899327,2.226657005229476,1.1509144986863649,0.7567074263184193,-0.00806641483072168,-0.010864596209082755,0.0,0.014137209549038854,-0.0022771118202783436,-0.005297908841340071,-0.011563784068286509,0.0010621432481463522,-0.014736980660122079,-0.03646373448530116,-0.014244595757197165,-0.0046504332083066036
10.277030429779343,6.3510932997548535,-4.9022990718461426,0.2904343999568619,-1.5712711652169027,-0.10599837899978876,-0.8784600410635032,1.594629656389148,1.3621639650049542,-0.5677799554402608,0.0,0.0,-0.02499644525458311,0.0,0.0,0.0,0.0,0.0,0.0,0.0,0.0,0.0
10.277030429779343,6.3510932997548535,-4.9022990718461426,0.2904343999568619,-1.5712711652169027,-0.10599837899978876,-0.8784600410635032,1.594629656389148,1.3621639650049542,-0.5677799554402608,-0.00652796118099741,-0.009670542329618503,0.0,0.020046042704035427,-0.005706337944188622,-0.001744545910868478,-0.031005080062842638,-0.009549255082432873,-0.0032050794012101758,-0.008032096826002033,0.014751094255165631,0.007155978935394769
2.9923777529476463,3.875948066673481,-3.1518959278293353,-0.4686569693928408,-1.6146927734105296,-0.4033548692687682,-0.8222278040871001,0.8250700852040369,0.625895651498071,-0.8355033899804046,0.0,0.0,0.0004473292339652879,0.0,0.0,0.0,0.0,0.0,0.0,0.0,0.0,0.0
2.9923777529476463,3.875948066673481,-3.1518959278293353,-0.4686569693928408,-1.6146927734105296,-0.4033548692687682,-0.8222278040871001,0.8250700852040369,0.625895651498071,-0.8355033899804046,-0.02157370108868395,-0.02543688847500436,0.0,-0.006776668699929322,-0.024677107363544004,-0.024560797837397175,-0.02039967724712255,-0.025843547311426684,-0.03295811402736082,-0.016505764881116547,-0.010012646783754575,-0.042689428801781615
3.0551607908725105,4.353594057357853,-1.101623956100179,-0.03952871682480861,-1.357553892852625,-0.31282942906409966,-1.211171542560966,1.0668029570111772,0.3179187761228163,-0.9261487818773192,0.0,0.0,-0.03069135879822893,0.0,0.0,0.0,0.0,0.0,0.0,0.0,0.0,0.0
3.0551607908725105,4.353594057357853,-1.101623956100179,-0.03952871682480861,-1.357553892852625,-0.31282942906409966,-1.211171542560966,1.0668029570111772,0.3179187761228163,-0.9261487818773192,0.0013752430255635772,-0.00346360733196327,0.0,-0.01353200752192707,-0.004707318914293657,-0.0036779542156876177,0.013963998230462682,-0.010034402316768776,0.007204081790311179,-0.00015829732346428482,-0.00779127502107857,-0.001165364551614534
6.873830462086525,5.46626176076937,-1.5013659716797616,0.3775049064786663,-1.285883198515345,0.546738455472304,-1.2104124411529704,0.850187944100932,0.45108213406139985,-0.9367513483845274,0.0,0.0,0.0049182813963661864,0.0,0.0,0.0,0.0,0.0,0.0,0.0,0.0,0.0
6.873830462086525,5.46626176076937,-1.5013659716797616,0.3775049064786663,-1.285883198515345,0.546738455472304,-1.2104124411529704,0.850187944100932,0.45108213406139985,-0.9367513483845274,0.030808516383535878,0.028922549862896663,0.0,0.02501443722792618,0.016257962055963526,0.024420467958022662,0.0517934220413796,0.01027492101627625,0.01843202228739549,-0.0030088428955944435,0.00581417348486557,0.048329678254207975
15.093807024805955,7.2997352562723385,-2.011049048701922,0.6870546477027711,-0.7200160233584313,1.5991026742984082,-1.8891286758767294,-0.11242792847824692,0.3472864666833084,-1.1763824669406278,0.0,0.0,0.026307947923898345,0.0,0.0,0.0,0.0,0.0,0.0,0.0,0.0,0.0
15.093807024805955,7.2997352562723385,-2.011049048701922,0.6870546477027711,-0.7200160233584313,1.5991026742984082,-1.8891286758767294,-0.11242792847824692,0.3472864666833084,-1.1763824669406278,-0.012212635837053454,-0.014115171466485221,0.0,0.025303630145333322,-0.004363244014885859,-0.019125969333225856,-0.018387919472341308,-0.015805051113866098,-0.004321884332126769,-0.005241322308966567,-0.008633166042800622,-0.011481518176926553
12.202423541604185,7.873412988446628,-0.10590391957640584,2.1993647394903992,0.3139767542665584,1.00246455254804,-1.0791801549759552,0.2825669908196748,0.8290577619679922,-0.4780125786629917,0.0,0.0,-0.002086406679869035,0.0,0.0,0.0,0.0,0.0,0.0,0.0,0.0,0.0
12.202423541604185,7.873412988446628,-0.10590391957640584,2.1993647394903992,0.3139767542665584,1.00246455254804,-1.0791801549759552,0.2825669908196748,0.8290577619679922,-0.4780125786629917,0.012386082023422285,0.011135604682649403,0.0,0.02402107606460535,0.0227870949205482,-0.005181056300095244,-0.001275837878094932,0.014522766397112585,0.0018989824001214295,0.04135398137188018,0.008935494192588322,0.035733482328593524
9.64778534147744,6.9596807382234,0.8154196912184722,2.1738446543859298,-0.042742044272472066,1.43975606719141,-1.4944804450605655,-0.18777686629106685,0.5493135401944484,-0.9198409753385327,0.0,0.0,0.00821391062598753,0.0,0.0,0.0,0.0,0.0,0.0,0.0,0.0,0.0
9.64778534147744,6.9596807382234,0.8154196912184722,2.1738446543859298,-0.042742044272472066,1.43975606719141,-1.4944804450605655,-0.18777686629106685,0.5493135401944484,-0.9198409753385327,-0.04212188101023384,-0.050586777200262945,0.0,-0.044987086762191986,-0.031133861103968652,-0.0328565400033376,-0.04732590095779876,-0.02931856303756586,-0.05740579170752713,-0.027752331722267987,-0.02116485920173672,-0.07008814939730046
9.97442803154846,6.909745784784428,1.6510735389504878,1.78217714391015,-0.26015004210507886,1.694245596753573,-1.602106481207717,0.02102347966850359,0.2948787194317889,-0.8409879078501551,0.0,0.0,-0.027995950852366502,0.0,0.0,0.0,0.0,0.0,0.0,0.0,0.0,0.0
9.97442803154846,6.909745784784428,1.6510735389504878,1.78217714391015,-0.26015004210507886,1.694245596753573,-1.602106481207717,0.02102347966850359,0.2948787194317889,-0.8409879078501551,-0.003148910042964026,0.007766385711722279,0.0,0.042291862531585345,-0.008559567052903727,0.0019108236768037301,-0.0020788222467861273,-0.014780509766120331,-0.01692971380156927,-0.06471027980795696,-0.0012874970006790942,-0.01301406131508398
1.2684906694864437,3.722823721036355,1.521962824471932,1.2382682621350964,-0.9773769932139762,0.7604940452586626,-1.2451079285379756,0.3193950483817058,0.338151285487703,-1.0290032441647172,0.0,0.0,0.0017306369004452815,0.0,0.0,0.0,0.0,0.0,0.0,0.0,0.0,0.0
1.2684906694864437,3.722823721036355,1.521962824471932,1.2382682621350964,-0.9773769932139762,0.7604940452586626,-1.2451079285379756,0.3193950483817058,0.338151285487703,-1.0290032441647172,-0.009381243287309826,-0.018047685540405922,0.0,-0.07620606953063247,-0.02150530597189515,-0.024529041915124394,0.010773103260305783,-0.02854638386626851,-0.015316694880041615,-0.040455570764463156,-0.008171540360061291,-0.003996775550572429
1.0314769961111656,3.6219670739166463,1.683876905767833,1.0138427037577495,-1.4520996715910002,1.043244005164513,-1.131647755897701,0.11972885314249913,0.4071625495520761,-0.9604290565255129,0.0,0.0,0.020436342463698187,0.0,0.0,0.0,0.0,0.0,0.0,0.0,0.0,0.0
1.0314769961111656,3.6219670739166463,1.683876905767833,1.0138427037577495,-1.4520996715910002,1.043244005164513,-1.131647755897701,0.11972885314249913,0.4071625495520761,-0.9604290565255129,0.0215782596352887,0.008671994541189942,0.0,0.02863182262137398,0.011599400835309082,0.032589162988761355,0.03603228389955815,-0.012231707951418591,0.02752009772673225,0.03879546672338163,0.005596144839686179,0.011599407577002063
7.93359645021992,6.431159900333651,1.4002661175201496,1.8513255778616426,-0.7900472578057691,1.408727020579551,-1.6455410527587204,-0.3120604313662535,0.011166937562271108,-0.9865076327445738,0.0,0.0,0.002391367868503247,0.0,0.0,0.0,0.0,0.0,0.0,0.0,0.0,0.0
7.93359645021992,6.431159900333651,1.4002661175201496,1.8513255778616426,-0.7900472578057691,1.408727020579551,-1.6455410527587204,-0.3120604313662535,0.011166937562271108,-0.9865076327445738,-0.016671932864521066,-0.021942758209006596,0.0,0.04722802528840098,-0.013276887579615093,-0.02854085523392902,-0.025251599971056526,0.019782673571663523,-0.04163033585236331,0.0,-0.006260658181962864,-0.04499819471851818
4.381517910027689,6.302627004340001,2.075620949437521,2.3148255272573173,-0.811500680444873,0.9796097833758247,-0.7959595866099428,0.97291382013689,0.6731245548177719,0.2070821425845682,0.0,0.0,-0.008200686945812441,0.0,0.0,0.0,0.0,0.0,0.0,0.0,0.0,0.0
4.381517910027689,6.302627004340001,2.075620949437521,2.3148255272573173,-0.811500680444873,0.9796097833758247,-0.7959595866099428,0.97291382013689,0.6731245548177719,0.2070821425845682,-0.032549292420772535,-0.01626860005382147,0.0,-0.05544677391539998,-0.020489423240378057,-0.02436581573272223,-0.039397784918645984,-0.00044431090870744594,-0.0015187209110645306,0.020804891192281794,-0.025744672919424727,-0.03920038721015873
6.310130729263048,7.070454958179513,1.6826458726793045,2.28761671110959,-0.36679767206356784,1.8899867720673107,-1.0032920727202603,1.297003506258151,-0.05404610468486881,-0.3712433854182902,0.0,0.0,-0.05156325558137487,0.0,0.0,0.0,0.0,0.0,0.0,0.0,0.0,0.0
6.310130729263048,7.070454958179513,1.6826458726793045,2.28761671110959,-0.36679767206356784,1.8899867720673107,-1.0032920727202603,1.297003506258151,-0.05404610468486881,-0.3712433854182902,0.044140138407382734,0.03454235072101808,0.0,0.009802914545593122,0.04089921083872938,0.03504615663145483,0.06130215430516239,0.01733342226308121,0.043504712489295994,0.027397244376421215,0.012134681972858274,0.06727904119828798
4.8429135911414045,5.916760434721902,1.776457235268286,1.447428771304806,-0.7818192980324241,2.0113623119926087,-1.2459287678684863,0.29883004156717224,0.3172161113549149,-0.7672079556551122,0.0,0.0,0.07085125035960171,0.0,0.0,0.0,0.0,0.0,0.0,0.0,0.0,0.0
4.8429135911414045,5.916760434721902,1.776457235268286,1.447428771304806,-0.7818192980324241,2.0113623119926087,-1.2459287678684863,0.29883004156717224,0.3172161113549149,-0.7672079556551122,0.007150011976093218,-0.01430965159171771,0.0,-0.05778890625744049,0.005698894999819348,0.003773200169491453,0.029057153691363746,-0.002766918943179264,-0.008454796459495317,-0.024390227696211797,-0.00993860148969361,0.004809976696940055
3.113411046744628,5.242323369223866,1.774088165349528,1.2890709284339885,-1.420160614964845,2.2222298688976303,-1.0583442694396494,-0.17809193582834934,-0.29572604195603713,0.04360220345297686,0.0,0.0,0.013469440287817713,0.0,0.0,0.0,0.0,0.0,0.0,0.0,0.0,0.0
3.113411046744628,5.242323369223866,1.774088165349528,1.2890709284339885,-1.420160614964845,2.2222298688976303,-1.0583442694396494,-0.17809193582834934,-0.29572604195603713,0.04360220345297686,0.037779086463147094,0.04786816619773715,0.0,0.005454419852465309,0.03877123076971989,0.038084987597071907,0.04704190996541269,0.016063182348532656,0.058806235459459844,0.035333331063110984,0.023821031767771395,0.045792434669773785
-2.8693553345785343,2.109397070922896,-1.552961760887591,-3.1253185967591115,-2.8410895702212984,5.98616167153768,-1.3469774039716083,-1.2440249521368272,-0.15791316766249835,1.7008761381635524,0.0,0.0,0.02336792212247185,0.0,0.0,0.0,0.0,0.0,0.0,0.0,0.0,0.0
-2.8693553345785343,2.109397070922896,-1.552961760887591,-3.1253185967591115,-2.8410895702212984,5.98616167153768,-1.3469774039716083,-1.2440249521368272,-0.15791316766249835,1.7008761381635524,0.010639032362313783,0.008112900103637966,0.0,0.01965042426444019,0.012632787143164403,0.010863245306824254,0.008680127078812827,0.00819196197279215,0.004720823879953651,0.006600075623399704,0.014940328382074375,0.01234742343221007
7.161529613589577,7.292790993983616,2.0105795590303863,0.9801481517821271,-0.5896640833973869,4.369161271587919,-1.2726373537249291,-0.7571884074854769,-0.3712697884151257,1.3381728713624739,0.0,0.0,0.012701563247842662,0.0,0.0,0.0,0.0,0.0,0.0,0.0,0.0,0.0
7.161529613589577,7.292790993983616,2.0105795590303863,0.9801481517821271,-0.5896640833973869,4.369161271587919,-1.2726373537249291,-0.7571884074854769,-0.3712697884151257,1.3381728713624739,0.0030328520443509976,0.020304672315814454,0.0,0.0,0.017862237958478522,0.009144084523913243,0.002110794534322613,0.007270081670653461,0.02902151667403019,0.0036782177674308247,0.006747070527577836,0.004164484946058478
7.445937074569801,7.717255631045813,2.2265000672493023,1.0984997545121764,-0.4842660294615794,2.786071368078489,-1.2961023307816886,-0.45062339512495164,-0.5927153856389802,0.622616545996273,0.0,0.0,-0.01479691834269925,0.0,0.0,0.0,0.0,0.0,0.0,0.0,0.0,0.0
7.445937074569801,7.717255631045813,2.2265000672493023,1.0984997545121764,-0.4842660294615794,2.786071368078489,-1.2961023307816886,-0.45062339512495164,-0.5927153856389802,0.622616545996273,0.004009468896035928,-0.009465046869751137,0.0,-0.03818865099274649,0.0011141260538338749,0.01466605867735793,-0.0004322645760435062,-0.00084914399620728,0.020145269310868352,0.01226909819211297,0.004112526545298589,0.02144808913046581
1.404319909923265,5.791034699309215,1.6443799638185794,0.8904537660503881,-1.3459724956542498,2.10871603112766,-1.152901374650888,-0.7865497979037193,-0.32812223279883923,0.03875568840051589,0.0,0.0,0.008153022375974706,0.0,0.0,0.0,0.0,0.0,0.0,0.0,0.0,0.0
1.404319909923265,5.791034699309215,1.6443799638185794,0.8904537660503881,-1.3459724956542498,2.10871603112766,-1.152901374650888,-0.7865497979037193,-0.32812223279883923,0.03875568840051589,0.030072350235246015,0.04606154524874562,0.0,0.041794832005556115,0.04535337897876568,0.041889190419104105,0.03058150413432359,0.009065156980191613,0.06608737997047776,0.024712652698078763,0.026241572050071715,0.03735503474296609
-2.427244448881712,3.5715230272144667,-0.5697348093700837,-0.9801586569804919,-1.5942958026035596,2.4426758229817516,-0.9097795165337436,-0.6777478540892861,0.15195530387340353,-0.7271115985068299,0.0,0.0,0.007661779241570965,0.0,0.0,0.0,0.0,0.0,0.0,0.0,0.0,0.0
-2.427244448881712,3.5715230272144667,-0.5697348093700837,-0.9801586569804919,-1.5942958026035596,2.4426758229817516,-0.9097795165337436,-0.6777478540892861,0.15195530387340353,-0.7271115985068299,0.0014618090657174676,-0.0037475648676468243,0.0,-0.00023609272651003987,-0.008251276110012085,-0.005125085133319884,0.00555731096232126,-0.007860667917438113,-0.022721683490670497,-0.04132103839508794,-0.007094665090074392,0.011015482543802246
0.6873005403586554,4.182864401140472,-5.06691724617839,-4.573321719569932,-4.040210035628708,5.195188157389964,-1.2575274925993676,-2.4969494574603166,-1.2478917724789826,-0.7570042789226543,0.0,0.0,0.02238827270458099,0.0,0.0,0.0,0.0,0.0,0.0,0.0,0.0,0.0
0.6873005403586554,4.182864401140472,-5.06691724617839,-4.573321719569932,-4.040210035628708,5.195188157389964,-1.2575274925993676,-2.4969494574603166,-1.2478917724789826,-0.7570042789226543,0.012529427651849723,0.016575751943195494,0.0,0.0012639233454077026,0.01735750559670013,0.019224039842465013,0.008842298212371702,0.02468735877930639,0.03438949471056851,0.025594510329635112,0.01860826596378251,-0.003142236028743306
5.376448838181727,5.811239029905614,-2.0081534752801873,-2.072136623944264,-1.5354141799373373,2.302695381217438,-1.1492207248133768,-1.1531149433363592,-1.1265043885232802,-1.906995018413993,0.0,0.0,0.0031462577059815366,0.0,0.0,0.0,0.0,0.0,0.0,0.0,0.0,0.0
5.376448838181727,5.811239029905614,-2.0081534752801873,-2.072136623944264,-1.5354141799373373,2.302695381217438,-1.1492207248133768,-1.1531149433363592,-1.1265043885232802,-1.906995018413993,-0.01974022106040374,-0.019562254292146863,0.0,0.006902476981564876,-0.0034463296901250384,-0.024796303721519197,-0.046097257509797984,0.004034524561957742,-0.02790122106989057,0.013877863614953023,0.022019914934765517,-0.0420743734446305
7.169253509161079,8.710227277737678,0.08928602578814458,-1.0703184334914846,0.398190232595764,0.8349436891489938,-0.3912596811059402,0.37305124043391313,-1.6987538025554991,-1.821591366824132,0.0,0.0,-0.008532690919093588,0.0,0.0,0.0,0.0,0.0,0.0,0.0,0.0,0.0
7.169253509161079,8.710227277737678,0.08928602578814458,-1.0703184334914846,0.398190232595764,0.8349436891489938,-0.3912596811059402,0.37305124043391313,-1.6987538025554991,-1.821591366824132,0.019410219403286133,-0.009857352455629798,0.0,-0.033684003386133976,0.0021280400366663343,0.0073676128430844035,0.04045171211431886,0.005542500111933135,-0.003301737764909718,-0.020687578939255435,0.011706264355283214,0.021642170700104657
3.4819869821458487,5.605847785818502,0.5717053995551341,-1.0084931073059962,-0.9743508598784584,1.549602804358834,-0.20879418555454277,0.33312731953052555,-1.6426119214052504,-1.9289377199637323,0.0,0.0,0.024569449938496746,0.0,0.0,0.0,0.0,0.0,0.0,0.0,0.0,0.0
3.4819869821458487,5.605847785818502,0.5717053995551341,-1.0084931073059962,-0.9743508598784584,1.549602804358834,-0.20879418555454277,0.33312731953052555,-1.6426119214052504,-1.9289377199637323,0.0002937145994801327,-0.014633697616497021,0.0,-0.022627151884855423,-0.009025642544508439,-0.0035677081145564227,0.021083390378011657,-0.004271761348993208,-0.02319070535458967,-0.030177764189258882,-0.010577157791249459,-0.016242700461984616
4.308616353061382,7.256234552481918,2.1554194529809916,1.0102151245429611,-0.2966905079600196,0.4801549556310889,0.4850954428544622,0.6701520282449102,-1.9026106473894069,-0.40739959295746564,0.0,0.0,0.013819334671482109,0.0,0.0,0.0,0.0,0.0,0.0,0.0,0.0,0.0
4.308616353061382,7.256234552481918,2.1554194529809916,1.0102151245429611,-0.2966905079600196,0.4801549556310889,0.4850954428544622,0.6701520282449102,-1.9026106473894069,-0.40739959295746564,0.024218957759782445,0.004017147183203784,0.0,0.04655234067503655,0.03160989517636148,0.016917235784250417,0.043136187799098114,0.00027689135867015047,0.008609389387170374,-0.0004914138490924591,-0.006457188209545772,-0.013393421879216327
6.583377758791653,8.087569479175105,2.4531234314748245,1.9464296882740926,-0.232501913383612,0.07132331218079128,1.2616411670192444,0.7330351454953052,-1.9248570554179671,0.3839620405345213,0.0,0.0,0.038086277200422014,0.0,0.0,0.0,0.0,0.0,0.0,0.0,0.0,0.0
6.583377758791653,8.087569479175105,2.4531234314748245,1.9464296882740926,-0.232501913383612,0.07132331218079128,1.2616411670192444,0.7330351454953052,-1.9248570554179671,0.3839620405345213,0.002397351629065625,0.013336466006525605,0.0,-0.0027502352738809632,0.008049896094010078,0.010562408636526355,-0.01925530121235708,0.029468893685425046,0.0036212462932467826,0.026052764208756463,0.026863103478677042,0.019367944081598365
5.062150261897221,7.124831679326459,2.9885651254005747,1.2340729592478177,-0.4886537766693283,0.9361733402729149,1.1788562969748837,0.03861204168216411,-2.579132898241366,-1.708349496539407,0.0,0.0,0.02651901494943476,0.0,0.0,0.0,0.0,0.0,0.0,0.0,0.0,0.0
5.062150261897221,7.124831679326459,2.9885651254005747,1.2340729592478177,-0.4886537766693283,0.9361733402729149,1.1788562969748837,0.03861204168216411,-2.579132898241366,-1.708349496539407,0.01864276936499154,-0.007418139131295298,0.0,0.014508441745791023,0.0038639800492252796,0.01707170331435881,0.02452903761234948,-0.00833236591846509,-0.012628735925154677,-0.04120087980890541,0.01350208658324914,0.025371814337090903
2.082561452128543,5.734071200725327,2.3842387791726094,0.9900022300228273,-1.128182133042769,0.5520939054482771,0.778945426909535,-0.2683062176777718,-1.78150469216988,-1.2049987406302427,0.0,0.0,-0.007148065990221442,0.0,0.0,0.0,0.0,0.0,0.0,0.0,0.0,0.0
2.082561452128543,5.734071200725327,2.3842387791726094,0.9900022300228273,-1.128182133042769,0.5520939054482771,0.778945426909535,-0.2683062176777718,-1.78150469216988,-1.2049987406302427,0.007404760081882511,0.021215250693133347,0.0,0.011937152229787307,0.020528840430000805,0.016870791393756024,-0.003071927749996095,-0.008402377603240474,0.011485036355633582,0.020985973412939396,0.007146783225187026,0.008173348662995572
0.5437036123198159,5.087895963513223,2.2907806481173343,0.1891735816414601,-0.8780753568845524,-0.06749639123230125,1.0274620942714356,-0.12119169877705487,-2.19637907615814,-1.4111276627128955,0.0,0.0,-0.0027790855298802652,0.0,0.0,0.0,0.0,0.0,0.0,0.0,0.0,0.0
0.5437036123198159,5.087895963513223,2.2907806481173343,0.1891735816414601,-0.8780753568845524,-0.06749639123230125,1.0274620942714356,-0.12119169877705487,-2.19637907615814,-1.4111276627128955,0.010936076494041824,0.018885692432528023,0.0,0.010628234509957535,0.008297456680071091,0.007158496756005661,0.006456393615665856,0.018860294530626875,-0.002064477825416744,0.0035889544601996892,0.01384797385262937,0.011216698943924408
6.089020734545127,7.586587748721452,2.8002747480662564,1.9193680083267148,-0.023360876684809483,-0.18750639215108927,1.3697654716463925,-0.0594659991496084,-2.1513702873840335,-0.550125253213538,0.0,0.0,0.009753164616421506,0.0,0.0,0.0,0.0,0.0,0.0,0.0,0.0,0.0
6.089020734545127,7.586587748721452,2.8002747480662564,1.9193680083267148,-0.023360876684809483,-0.18750639215108927,1.3697654716463925,-0.0594659991496084,-2.1513702873840335,-0.550125253213538,0.0011427992555352873,0.014365155471230517,0.0,-0.0045071093960117325,0.00598520221867771,0.011790325399801294,0.005880363368305996,-0.0013413890175152376,0.011378329181187974,0.009427808966693707,-0.015901087151673376,0.012629754777828905
2.179638472123182,6.666497918551672,2.66079690259051,1.0599169655300413,0.039755352991241104,-0.27021147782488153,1.413204533049464,-0.4624033366110176,-2.3308442103511484,-0.8409425596901466,0.0,0.0,0.003763160902379159,0.0,0.0,0.0,0.0,0.0,0.0,0.0,0.0,0.0
2.179638472123182,6.666497918551672,2.66079690259051,1.0599169655300413,0.039755352991241104,-0.27021147782488153,1.413204533049464,-0.4624033366110176,-2.3308442103511484,-0.8409425596901466,0.013245918445351279,0.026381965246537575,0.0,0.019967574146126266,0.005205564938139506,0.012975194709657911,0.016909750902299736,0.01759579894090324,0.015085688717281442,0.0239935582407953,0.012981592464587743,-0.018599960481479605
7.536216520049937,8.365639503973352,1.5581051914046091,0.7241215007699593,0.2515825931067993,-0.593072276867769,0.925575841374478,-0.7044843602963257,-2.3203128398112614,-0.8580308161132464,0.0,0.0,-0.005373658341639609,0.0,0.0,0.0,0.0,0.0,0.0,0.0,0.0,0.0
7.536216520049937,8.365639503973352,1.5581051914046091,0.7241215007699593,0.2515825931067993,-0.593072276867769,0.925575841374478,-0.7044843602963257,-2.3203128398112614,-0.8580308161132464,0.00027201502387930176,0.009903136401651746,0.0,0.03903922195799203,0.006905229634852628,-0.004487144511566732,-0.008076681690267096,-0.002640036205967755,-0.016120812356250624,-0.0034597091106882694,-0.005180606739896176,-0.0062990845833463815
5.347913355764179,7.446433861279286,1.3534539464214999,1.2467195384912724,-0.248464871893165,-1.1975747926690805,0.908400014105221,-0.8885865707621792,-2.007398219023463,0.47796322620873766,0.0,0.0,-0.003769307585308468,0.0,0.0,0.0,0.0,0.0,0.0,0.0,0.0,0.0
5.347913355764179,7.446433861279286,1.3534539464214999,1.2467195384912724,-0.248464871893165,-1.1975747926690805,0.908400014105221,-0.8885865707621792,-2.007398219023463,0.47796322620873766,0.014079052620046939,0.013001259709808366,0.0,0.01435006235762959,0.026206269083460798,0.02966714887314481,0.00507697767665527,0.005955565054030387,0.0005122323447430688,0.006312148951076679,-0.0020557537271884696,0.02496662223200974
-0.7766327742759584,4.548919338757765,1.5147210603403887,-0.0569519314992992,-0.6601603021016517,-0.7807588315039967,0.7725425930123966,-0.8808393575050323,-1.2609564554946218,-0.6839826758645018,0.0,0.0,0.031908016686105656,0.0,0.0,0.0,0.0,0.0,0.0,0.0,0.0,0.0
-0.7766327742759584,4.548919338757765,1.5147210603403887,-0.0569519314992992,-0.6601603021016517,-0.7807588315039967,0.7725425930123966,-0.8808393575050323,-1.2609564554946218,-0.6839826758645018,0.004778293035942349,0.013962123967653506,0.0,0.027785743641422833,0.009035277015821519,0.0056454328552535404,-0.005842854401239994,0.012000798491305087,0.01840102895745943,0.03798639079898214,0.018013311078525218,-0.00021392708243617164
4.853999449380596,6.544708449017939,0.6537831814082994,0.1411910711937469,-0.7430091051016342,-0.87049972058016,0.2991086498391354,-0.9509404291183733,-1.351728630377869,-0.10035586954431147,0.0,0.0,0.0007455291391396113,0.0,0.0,0.0,0.0,0.0,0.0,0.0,0.0,0.0
4.853999449380596,6.544708449017939,0.6537831814082994,0.1411910711937469,-0.7430091051016342,-0.87049972058016,0.2991086498391354,-0.9509404291183733,-1.351728630377869,-0.10035586954431147,-0.019117996246609925,-0.010227096962805438,0.0,0.027857244279460236,-0.02231716833486741,-0.015957566100442744,-0.019973937597701608,-0.028156220570103252,-0.035415862885041505,-0.010358019594015166,-0.03912556350797214,-0.0328457177387288
4.346486228966285,7.128465551255561,2.098025323763982,0.42672341177878126,-0.9554337419839024,-1.0570579818877928,0.8471183036170036,-1.939013081585093,-1.0128763010623487,0.24006507658839776,0.0,0.0,0.010531466725809402,0.0,0.0,0.0,0.0,0.0,0.0,0.0,0.0,0.0
4.346486228966285,7.128465551255561,2.098025323763982,0.42672341177878126,-0.9554337419839024,-1.0570579818877928,0.8471183036170036,-1.939013081585093,-1.0128763010623487,0.24006507658839776,0.009608837512885993,-0.004350771566246858,0.0,0.007007403763317432,-0.01408448562444975,0.0022591068825739136,0.022977700711591886,-0.001078017951731347,-0.013112966125591208,-0.004309503346641375,-0.006621844158021251,0.012257598506053569
0.7275039468661887,5.5225355679765995,2.033855790441223,0.36177534803502664,-0.8883660194139819,-1.3027622178151599,0.7317968048281432,-1.335814807007147,-0.6900313124668312,0.200020171709062,0.0,0.0,-0.014420741591769315,0.0,0.0,0.0,0.0,0.0,0.0,0.0,0.0,0.0
0.7275039468661887,5.5225355679765995,2.033855790441223,0.36177534803502664,-0.8883660194139819,-1.3027622178151599,0.7317968048281432,-1.335814807007147,-0.6900313124668312,0.200020171709062,-0.03567568003492583,-0.027419656255656677,0.0,-0.039705371138034073,-0.018965489651252665,-0.028495549668700604,-0.058524891498746845,-0.005530790820538201,-0.05022601772669022,-0.003864641829208315,-0.018296739668229978,-0.0487143286473688
6.449299433119545,9.173154051469092,2.4369619287621784,3.848770590711752,-1.6048525282101658,-1.704836294456188,3.11360483389826,-4.204623274921267,-1.1139460372051793,4.19038778545496,0.0,0.0,-0.02286985186356727,0.0,0.0,0.0,0.0,0.0,0.0,0.0,0.0,0.0
6.449299433119545,9.173154051469092,2.4369619287621784,3.848770590711752,-1.6048525282101658,-1.704836294456188,3.11360483389826,-4.204623274921267,-1.1139460372051793,4.19038778545496,0.00794762735441723,-0.0006738892819416753,0.0,0.02973140139514463,0.026362053170612798,0.014665616652637992,0.005188779235461682,0.027536484281878604,0.019306080010371263,0.038485188928939484,0.010763582889534051,0.017984377528886375
8.4244105515172,9.034590176715637,0.9173931173818464,2.2270485485876588,-0.3254258462043678,-2.0092914999965434,0.9603107011646735,-1.0853232809117253,-2.018837824810471,1.333651584177839,0.0,0.0,0.008053315801772598,0.0,0.0,0.0,0.0,0.0,0.0,0.0,0.0,0.0
8.4244105515172,9.034590176715637,0.9173931173818464,2.2270485485876588,-0.3254258462043678,-2.0092914999965434,0.9603107011646735,-1.0853232809117253,-2.018837824810471,1.333651584177839,0.003058630374073168,-0.0038216655455702853,0.0,-0.042119382975670305,-0.010274131293352973,-0.004409603949729224,-0.0027329126569237694,-0.0013201009954877385,0.00823492908077883,0.014196279823626368,0.0040023750727888885,0.013651771639346055
12.034592791753736,9.109054773978206,0.7739931879917891,1.8096266166896102,-1.1492122624853667,-1.3326675408874527,0.9398316918467947,-1.52326182626406,-1.5557761655991962,0.05961328434998037,0.0,0.0,0.0012484752467549765,0.0,0.0,0.0,0.0,0.0,0.0,0.0,0.0,0.0
12.034592791753736,9.109054773978206,0.7739931879917891,1.8096266166896102,-1.1492122624853667,-1.3326675408874527,0.9398316918467947,-1.52326182626406,-1.5557761655991962,0.05961328434998037,0.029978523143917357,0.03497701018584776,0.0,0.01933885057960949,0.02990620593215887,0.030101787686764192,0.039175921429802196,0.020224740248967255,0.03321536362590982,0.05112695876955864,0.020074076187375445,0.013241138167270572
5.974067481624392,7.407035763853088,0.3793772601711787,0.15554458655379885,-1.5493959112377782,-1.2831270053266581,0.0890867192013241,-0.6676425573809045,-0.859134610649104,-0.4566597142285054,0.0,0.0,0.019698400071058275,0.0,0.0,0.0,0.0,0.0,0.0,0.0,0.0,0.0
5.974067481624392,7.407035763853088,0.3793772601711787,0.15554458655379885,-1.5493959112377782,-1.2831270053266581,0.0890867192013241,-0.6676425573809045,-0.859134610649104,-0.4566597142285054,0.01637916097831349,-0.003924495332895295,0.0,-0.007419157611430194,0.012239035957545275,-0.0031850272937361535,0.03667343311623106,0.015807329202189857,0.02134390411204956,0.013176526736890404,0.019050906282728874,-0.0070927088723893306
6.243270832528746,7.897594176659309,-0.8246868374341692,-2.020292451763526,-1.0487680397547332,-1.7232944791617615,0.349995485747345,-0.44530343843269543,-1.753882256119125,-0.32345026156228196,0.0,0.0,0.01002568848842711,0.0,0.0,0.0,0.0,0.0,0.0,0.0,0.0,0.0
6.243270832528746,7.897594176659309,-0.8246868374341692,-2.020292451763526,-1.0487680397547332,-1.7232944791617615,0.349995485747345,-0.44530343843269543,-1.753882256119125,-0.32345026156228196,-0.005163484799721063,-0.008755739903696491,0.0,-0.025734087424040708,-0.01944062594962992,-0.010863431433437598,0.00518167788246382,-0.01913281235333153,-0.0363776592325985,-0.02061428457156067,-0.007669502032887854,-0.02249837302184543
8.670935319543942,7.178732151567623,-2.010397284236986,-2.2167338167454593,-1.920086560616029,-0.649352994685708,-0.12826967005154413,-0.7554773792773339,-1.9918365193442937,-1.4392047961439545,0.0,0.0,0.004115695280202614,0.0,0.0,0.0,0.0,0.0,0.0,0.0,0.0,0.0
8.670935319543942,7.178732151567623,-2.010397284236986,-2.2167338167454593,-1.920086560616029,-0.649352994685708,-0.12826967005154413,-0.7554773792773339,-1.9918365193442937,-1.4392047961439545,-0.006369636282939073,-0.0014352088117254302,0.0,-0.003288133599822607,-0.007736776249232413,-0.014536080161495879,-0.01668308708967081,-0.009752852630598996,-0.0010709666682671148,0.009464476733567873,-0.02263481272201162,0.006904868933213182
6.909915136503529,7.264061238845208,-1.7794372401716465,-2.232187608545275,-1.0862664189184341,-1.8047789038718869,-0.03290131163089165,0.41316087635212617,-2.0449068383477487,-1.0271530561129758,0.0,0.0,0.0037370597547519147,0.0,0.0,0.0,0.0,0.0,0.0,0.0,0.0,0.0
6.909915136503529,7.264061238845208,-1.7794372401716465,-2.232187608545275,-1.0862664189184341,-1.8047789038718869,-0.03290131163089165,0.41316087635212617,-2.0449068383477487,-1.0271530561129758,0.02305741707082931,0.0028747177676393676,0.0,-0.006487694039940317,0.006091580266125662,0.0013930527426031514,0.025115675181398567,0.024950796954873455,0.02573032184216273,-0.010495313815467977,0.03276121610007032,0.01942969521323179
6.08820356868489,7.355329844701942,-2.554605263716353,-1.6161057307679076,-0.64270010137927,-1.6978649198901896,-0.4742162739996083,0.22663087192109754,-1.7745903640855665,-0.6525733487619617,0.0,0.0,0.013692091550192131,0.0,0.0,0.0,0.0,0.0,0.0,0.0,0.0,0.0
6.08820356868489,7.355329844701942,-2.554605263716353,-1.6161057307679076,-0.64270010137927,-1.6978649198901896,-0.4742162739996083,0.22663087192109754,-1.7745903640855665,-0.6525733487619617,0.014570092477055763,-0.009812467410073134,0.0,-0.01826243280228035,-0.012351674079901787,0.0014730807366580834,0.05448617773197184,-0.015887347894045223,0.00600988819983761,-0.00848535243830384,-0.0023244006732939804,0.007623855093628951
-0.09949356870476903,4.40387781275782,-1.5662659429492647,-2.3699420479492543,-1.0416342642903875,-1.3469249708193298,0.21437982387081386,0.49268489777723395,-1.7210354390465583,-1.4027378462344429,0.0,0.0,-0.003199219743903692,0.0,0.0,0.0,0.0,0.0,0.0,0.0,0.0,0.0
-0.09949356870476903,4.40387781275782,-1.5662659429492647,-2.3699420479492543,-1.0416342642903875,-1.3469249708193298,0.21437982387081386,0.49268489777723395,-1.7210354390465583,-1.4027378462344429,0.008387892469459812,-0.0020042852783039855,0.0,0.017700190486254597,0.017410499930083034,0.006945535004990067,0.00877347692171182,0.01041537790541458,-0.003116719813369917,-0.004421583383624639,0.003220837206577176,0.007399131494323141
14.643790095533367,10.637960739262224,-3.662517624332166,-1.6160808264001025,-0.6962519316189762,-1.7240528483747195,-0.0014060191119620094,0.7757052419996798,-1.87440442766677,-0.9721226341628184,0.0,0.0,0.009628092595540538,0.0,0.0,0.0,0.0,0.0,0.0,0.0,0.0,0.0
14.643790095533367,10.637960739262224,-3.662517624332166,-1.6160808264001025,-0.6962519316189762,-1.7240528483747195,-0.0014060191119620094,0.7757052419996798,-1.87440442766677,-0.9721226341628184,-0.0011518275074190454,-0.014392686445145908,0.0,0.005871296413327176,-0.012533244737299332,-0.011442112299694496,-0.010751215836234507,-0.00889051050503209,-0.007295576288473216,-0.012750734710007428,-0.003620383911208447,0.01861051509623879
4.079235822114228,5.377117237868437,-3.5618784144555256,-1.9646020306581669,-1.8505690707599334,-0.23090943157804847,0.002164589756376606,-0.9393427498345973,-1.7267262108748038,-1.6410990646547494,0.0,0.0,0.008476588317580136,0.0,0.0,0.0,0.0,0.0,0.0,0.0,0.0,0.0
4.079235822114228,5.377117237868437,-3.5618784144555256,-1.9646020306581669,-1.8505690707599334,-0.23090943157804847,0.002164589756376606,-0.9393427498345973,-1.7267262108748038,-1.6410990646547494,0.012572193483671557,-0.0018329087138004851,0.0,0.01613473774588181,0.018172227103737004,0.002117526749312093,0.02751172405404012,0.0012625835885764491,0.011750210717044851,0.0010410921422481234,-0.013769046232451454,0.02018947736397969
10.754369603518672,9.426882705737158,-4.235578106821527,-2.1100413237487254,-0.59912716239392,-1.318719043490857,-0.30219963169177266,1.8353058280699344,-1.5904644383235245,-1.7663110851336292,0.0,0.0,0.027224501742515006,0.0,0.0,0.0,0.0,0.0,0.0,0.0,0.0,0.0
10.754369603518672,9.426882705737158,-4.235578106821527,-2.1100413237487254,-0.59912716239392,-1.318719043490857,-0.30219963169177266,1.8353058280699344,-1.5904644383235245,-1.7663110851336292,0.009103040782123095,0.021422127451644846,0.0,-0.013547384976099086,0.01660651004992353,0.014877516360691345,-0.0018950874843864929,0.008764830749206087,0.040356299026955034,0.033756884358149275,0.02826243897791869,0.0066570172175106634
0.8100719088933329,5.896768830164909,-1.8280200631784418,-2.0773277025453365,-0.9111045883009755,-0.7169562445230702,-0.37640229751249377,1.2003705586505624,-0.7591949216206784,-1.3217946769478042,0.0,0.0,-0.01652239133247191,0.0,0.0,0.0,0.0,0.0,0.0,0.0,0.0,0.0
0.8100719088933329,5.896768830164909,-1.8280200631784418,-2.0773277025453365,-0.9111045883009755,-0.7169562445230702,-0.37640229751249377,1.2003705586505624,-0.7591949216206784,-1.3217946769478042,-0.006864532367134579,0.014279288383689526,0.0,0.03433372601149687,0.024858040216193533,0.01692712461773871,-0.03171791692947734,0.016080881937316605,0.02166249827883915,-0.009753849227204237,-0.0015609964240091978,0.002539384617774143
1.7088346866195234,6.352528747722358,-1.9416871816921981,-1.9652701332690106,-0.8653782217821732,-1.249991456730164,-0.061928680408083206,0.6303270433237933,-0.5750429959347181,-0.7658094246162281,0.0,0.0,-0.013903383701952765,0.0,0.0,0.0,0.0,0.0,0.0,0.0,0.0,0.0
1.7088346866195234,6.352528747722358,-1.9416871816921981,-1.9652701332690106,-0.8653782217821732,-1.249991456730164,-0.061928680408083206,0.6303270433237933,-0.5750429959347181,-0.7658094246162281,-0.025784415365638025,-0.011658474691319975,0.0,-0.015954643964615434,-0.012704969665358501,-0.01099066335825083,-0.04817718704321872,-0.008296117234334432,-0.012327453478934713,0.006138391334132187,0.013594197022638088,-0.047018460367048154
-2.5818754576861465,4.627784525935237,-1.496671380578501,-2.084757965456905,-0.5144642406142059,-1.6064204218223015,-0.21622692533255908,2.1067474228469503,-1.3911549551774862,-1.0625882148452277,0.0,0.0,-0.016566746703006174,0.0,0.0,0.0,0.0,0.0,0.0,0.0,0.0,0.0
-2.5818754576861465,4.627784525935237,-1.496671380578501,-2.084757965456905,-0.5144642406142059,-1.6064204218223015,-0.21622692533255908,2.1067474228469503,-1.3911549551774862,-1.0625882148452277,0.008543821831948906,0.021255144623012034,0.0,-0.012622330645592483,0.008890827028880333,0.010549178622513367,-0.013719233098195449,0.011196973568897262,0.04418380765570462,0.05136210729830992,0.013680325014412187,0.012736113857440445
-22.66128897216338,-3.465077494651499,1.7349155468239248,-1.9513295910789656,-1.5452127720612026,-1.3770638974716278,0.09163617638760901,1.0339751720695,-0.09652700483894021,-1.6822013009608556,0.0,0.0,0.012425171923652112,0.0,0.0,0.0,0.0,0.0,0.0,0.0,0.0,0.0
-22.66128897216338,-3.465077494651499,1.7349155468239248,-1.9513295910789656,-1.5452127720612026,-1.3770638974716278,0.09163617638760901,1.0339751720695,-0.09652700483894021,-1.6822013009608556,-0.022762082416650453,-0.03421603740251844,0.0,-0.01686131945277547,-0.02087185072048492,-0.009801586921821315,-0.028152201730846427,0.005854640019465673,-0.005498608448591846,-0.009986470775100398,-0.012701627645257507,-0.04992080207039984
3.7302800711386825,6.464840965739386,-1.6365705620191136,-1.9378851191087827,-1.3147743889486403,-1.0049888387062167,-1.3483918295249555,0.4151197379983928,-0.26148455130341663,-1.7473591241606339,0.0,0.0,0.005546483449947015,0.0,0.0,0.0,0.0,0.0,0.0,0.0,0.0,0.0
3.7302800711386825,6.464840965739386,-1.6365705620191136,-1.9378851191087827,-1.3147743889486403,-1.0049888387062167,-1.3483918295249555,0.4151197379983928,-0.26148455130341663,-1.7473591241606339,0.0422501444383816,0.020647694322037058,0.0,0.01524492838361069,0.02913309297980704,0.02325760476443639,0.07972241733567809,0.015943258655198855,0.006730956481322714,0.010223591868557369,0.02325111773628774,0.05145030851563992
4.3261921785070525,7.216991135293953,-1.3126089740084559,-1.6552273884275208,-0.020952301584508063,-0.791914729017178,-0.5611190030581349,-0.24919736035441417,-1.3812299542632562,-1.2638579423726104,0.0,0.0,0.012322644958542739,0.0,0.0,0.0,0.0,0.0,0.0,0.0,0.0,0.0
4.3261921785070525,7.216991135293953,-1.3126089740084559,-1.6552273884275208,-0.020952301584508063,-0.791914729017178,-0.5611190030581349,-0.24919736035441417,-1.3812299542632562,-1.2638579423726104,0.005695481001485092,0.011717933367026978,0.0,-0.016672232249515306,0.01380885534602938,0.006685150151996666,-0.0028954950725003092,0.016440508810925847,0.015997857119018022,0.014842624816181704,0.013555040569266597,0.008812342421530062
6.6719561783039625,8.999070586225162,-0.1713619803523431,-1.3235120041457706,0.40972834244175965,-0.6741775140333055,0.11302280464257233,-0.522304361323878,-2.4102227420279125,-2.040537521103907,0.0,0.0,0.014374993472991537,0.0,0.0,0.0,0.0,0.0,0.0,0.0,0.0,0.0
6.6719561783039625,8.999070586225162,-0.1713619803523431,-1.3235120041457706,0.40972834244175965,-0.6741775140333055,0.11302280464257233,-0.522304361323878,-2.4102227420279125,-2.040537521103907,0.0038293036312293527,0.019012292092760008,0.0,0.02110918635917125,0.028604064415474362,0.016171789762224664,-0.013385358455196172,0.003063233772074403,0.013631341447125855,0.006781178311286995,0.008657440303847963,0.0001628092799947911
0.2139735881323417,4.75460874444241,0.658000317277151,-1.4208559645729208,-0.8395181527706608,0.2107320336132481,-0.6022365178684164,-0.9145569693842336,-1.5567430269367901,-1.928490677276819,0.0,0.0,-0.0020570914317589173,0.0,0.0,0.0,0.0,0.0,0.0,0.0,0.0,0.0
0.2139735881323417,4.75460874444241,0.658000317277151,-1.4208559645729208,-0.8395181527706608,0.2107320336132481,-0.6022365178684164,-0.9145569693842336,-1.5567430269367901,-1.928490677276819,-0.015653265716378373,-0.02380452518330356,0.0,-0.04222547815458799,-0.00794533364043093,-0.022218788779862053,-0.03720561327214522,0.01588098561695528,0.011592705887261134,0.012150186245765804,-0.010504790507371742,0.015135193946626435
7.03918209841664,8.508554274515639,1.872582305346524,0.6140839905847761,-0.24092331546097398,-0.17219331307892996,-1.4818785683669404,-0.4882766088550277,-0.11859273258325369,-1.664149976491427,0.0,0.0,-0.04065514029604811,0.0,0.0,0.0,0.0,0.0,0.0,0.0,0.0,0.0
7.03918209841664,8.508554274515639,1.872582305346524,0.6140839905847761,-0.24092331546097398,-0.17219331307892996,-1.4818785683669404,-0.4882766088550277,-0.11859273258325369,-1.664149976491427,0.017248741195606376,0.009007134492123647,0.0,-0.022847258038212637,-0.012680858075790669,0.016354791334797225,0.047719032020906216,0.0021642899415317274,0.02887913694363964,0.010568609483643243,0.008803872808152757,0.02164241292649094
3.476941236634857,8.936484348199604,1.6771024093275149,0.8475168371739211,-0.7786469734773812,-0.7619896847725565,-3.8273749097858527,-0.6271028346195056,-0.9492861766037168,-1.8593693953133534,0.0,0.0,0.037006122061326696,0.0,0.0,0.0,0.0,0.0,0.0,0.0,0.0,0.0
3.476941236634857,8.936484348199604,1.6771024093275149,0.8475168371739211,-0.7786469734773812,-0.7619896847725565,-3.8273749097858527,-0.6271028346195056,-0.9492861766037168,-1.8593693953133534,0.021266588764060845,0.03135196569133125,0.0,0.04523553252600987,0.02951775235821752,0.03759860731821574,0.019513117161516824,-0.008279226238294912,-0.002895898160586663,0.007359844420600892,0.0005132489866370715,0.031174990951834625
7.942271137538686,8.884880955386036,1.8620669492575854,0.4732296521101953,0.5328342592363448,0.5510612199138704,-2.6796124093250007,1.9152074984609742,-0.5038755580158976,-3.0639372951147963,0.0,0.0,0.023368352547415316,0.0,0.0,0.0,0.0,0.0,0.0,0.0,0.0,0.0
7.942271137538686,8.884880955386036,1.8620669492575854,0.4732296521101953,0.5328342592363448,0.5510612199138704,-2.6796124093250007,1.9152074984609742,-0.5038755580158976,-3.0639372951147963,0.0023118136956157276,0.024804744417495694,0.0,-0.03945589375296399,-0.014663995397376062,0.0038771003382869207,0.01609876004286459,0.002661779724904001,-0.011840940146796486,0.020635722374336307,-0.018086235014321272,0.017246530754032374
6.977804390201717,7.891574454424307,2.3749612287476762,0.5083467994457265,0.8506961079963956,1.3389042577655335,-2.0646836412099194,1.1333012736398917,-0.46003477883249577,-2.6559471847623195,0.0,0.0,0.012485887925934858,0.0,0.0,0.0,0.0,0.0,0.0,0.0,0.0,0.0
6.977804390201717,7.891574454424307,2.3749612287476762,0.5083467994457265,0.8506961079963956,1.3389042577655335,-2.0646836412099194,1.1333012736398917,-0.46003477883249577,-2.6559471847623195,-0.004784654181976045,-0.020159417016571646,0.0,0.08932008378700451,0.0007287586467568108,0.002725150737615145,-0.017647170502163023,-0.0149450500180206,-0.0025529924833196382,0.02966040104274681,-0.006628752921374548,-0.022720852984528972
5.494985961058664,6.9199045602950795,1.06482050837815,0.5435608275275622,-0.5452588953036662,1.5352839485329501,-1.3872616196972263,1.8921668926665374,-0.6036379047756005,-2.5788409086188238,0.0,0.0,0.012729908724137928,0.0,0.0,0.0,0.0,0.0,0.0,0.0,0.0,0.0
5.494985961058664,6.9199045602950795,1.06482050837815,0.5435608275275622,-0.5452588953036662,1.5352839485329501,-1.3872616196972263,1.8921668926665374,-0.6036379047756005,-2.5788409086188238,0.014634879831485925,0.005912729327518962,0.0,-0.000866687466936189,0.016484723610411534,0.010552126685593688,0.0341097586295247,-0.00012312730517216597,-0.018717030067476825,-0.03536341233203644,0.008249822351190206,0.009407934640375482
0.7729241771656173,5.6714443564504124,2.1342528807257453,-0.851420310504602,-0.02090103083770615,0.5552673214409584,-1.155454601874117,0.5577295021390765,-0.7670146482247564,-1.8507999771370245,0.0,0.0,-0.004951642617538998,0.0,0.0,0.0,0.0,0.0,0.0,0.0,0.0,0.0
0.7729241771656173,5.6714443564504124,2.1342528807257453,-0.851420310504602,-0.02090103083770615,0.5552673214409584,-1.155454601874117,0.5577295021390765,-0.7670146482247564,-1.8507999771370245,0.010795983592118086,0.020678125130337843,0.0,-0.017345940967758433,0.04339240603738781,0.021031127481661693,-0.0013887891403323582,0.010715631846820894,0.03349612078595188,0.03716905482104216,-0.0024874080264980503,0.0066354627378615305
4.944526093212441,8.13797655474386,3.0177683440308063,-0.07054358470307226,0.8857865271212433,0.7056267870977625,-0.7589258256191174,-0.16329768559032823,-0.5154948763880707,-1.1458140636110878,0.0,0.0,0.00884674506048877,0.0,0.0,0.0,0.0,0.0,0.0,0.0,0.0,0.0
4.944526093212441,8.13797655474386,3.0177683440308063,-0.07054358470307226,0.8857865271212433,0.7056267870977625,-0.7589258256191174,-0.16329768559032823,-0.5154948763880707,-1.1458140636110878,-0.005340231202901169,-0.02756067878870949,0.0,-0.00926748648637743,-0.009661683613474858,-0.02225433619854844,-0.004302564702059142,-0.0038996471926505683,-0.00022523434381171992,0.0013498946041214932,-0.01955513568341183,0.007296341943731743
3.866664621595332,8.098685105925393,3.464205426761023,0.5249868910216893,1.0086402995250885,0.43343291529093525,-0.14849797846265408,1.1416355805347014,-0.6250422080922117,-0.031686332195964555,0.0,0.0,-0.004165290428887136,0.0,0.0,0.0,0.0,0.0,0.0,0.0,0.0,0.0
3.866664621595332,8.098685105925393,3.464205426761023,0.5249868910216893,1.0086402995250885,0.43343291529093525,-0.14849797846265408,1.1416355805347014,-0.6250422080922117,-0.031686332195964555,-0.018299857562352306,-0.012373040653295586,0.0,-0.013474383761682751,-0.014210061033954946,-0.014216464907843784,-0.02994333667384108,-0.019819004428709652,-0.027464936697494835,-0.020590701357733776,-0.017000217034708776,-0.016435007551305003
-15.117414234929191,0.38565531677435083,2.7137688282137193,-0.6138558740255212,-1.014855405955397,-0.23118432338642453,-0.3690573176512913,0.5796132215787827,-0.05999044418182375,-1.3986254361818418,0.0,0.0,0.01706108042174992,0.0,0.0,0.0,0.0,0.0,0.0,0.0,0.0,0.0
-15.117414234929191,0.38565531677435083,2.7137688282137193,-0.6138558740255212,-1.014855405955397,-0.23118432338642453,-0.3690573176512913,0.5796132215787827,-0.05999044418182375,-1.3986254361818418,0.04742887907293136,0.020880224149583126,0.0,0.05124730904108343,0.04883821562836932,0.05043739459513952,0.06830452388585795,-0.0033698415933944847,-0.0006946648099186437,-0.027781111303861517,0.015251480788669225,0.07730184543922713
-9.11023757166496,2.56915740152901,2.8184914991590677,-0.7203600496228594,-0.050282210815179425,0.6802415785555593,-0.10728956606112566,-0.13490082512555412,-0.6576857678327673,-1.2206466927549728,0.0,0.0,0.040909049013569954,0.0,0.0,0.0,0.0,0.0,0.0,0.0,0.0,0.0
-9.11023757166496,2.56915740152901,2.8184914991590677,-0.7203600496228594,-0.050282210815179425,0.6802415785555593,-0.10728956606112566,-0.13490082512555412,-0.6576857678327673,-1.2206466927549728,-0.0037943982302863777,-0.03587162242929531,0.0,0.018683599242268478,0.01825638489030945,-0.005121610746745775,-0.01217254926550071,0.01026921314959317,-0.005559241431616235,0.005019736032035649,-0.030782401198006903,0.014945184970645231
0.2614046281609319,6.7213998766865215,2.9719454365569176,-0.6868896884968856,0.5084118922194913,1.5553341194513173,-0.09767342627457441,0.21078906233326666,-1.2173641417956627,-0.2499755916532004,0.0,0.0,-0.010709044435430415,0.0,0.0,0.0,0.0,0.0,0.0,0.0,0.0,0.0
0.2614046281609319,6.7213998766865215,2.9719454365569176,-0.6868896884968856,0.5084118922194913,1.5553341194513173,-0.09767342627457441,0.21078906233326666,-1.2173641417956627,-0.2499755916532004,0.0005392434301896287,0.017950415918044804,0.0,0.02371662635190752,0.01067685804106766,0.005934406731618935,-0.004477045070253705,0.005206301482859166,0.01933371041270493,0.04879627155334676,-0.003390713307133253,-0.0013006842649293526
-7.257577657205717,2.120549271614503,0.35681322636479745,-3.363607625890449,-1.8910971222283541,4.45256925038561,-0.7714056684149899,-1.5066219899347633,-1.5452360304409818,1.1431532685404509,0.0,0.0,0.018181815222933162,0.0,0.0,0.0,0.0,0.0,0.0,0.0,0.0,0.0
-7.257577657205717,2.120549271614503,0.35681322636479745,-3.363607625890449,-1.8910971222283541,4.45256925038561,-0.7714056684149899,-1.5066219899347633,-1.5452360304409818,1.1431532685404509,0.008691605444800965,0.0078016040071757775,0.0,-0.020593129882161332,0.02172622275860525,0.017698412926429485,-0.008137671185099449,0.021087909937864913,0.03313532075076164,0.012333546448245247,0.020273472970272932,0.02344180436943266
5.911658286428706,9.032215429243651,3.033393059740707,-0.6913272659915468,0.9851035260328709,3.8856164311612744,0.2184495296951981,-1.1755314450686767,-1.741730098071596,0.23586560184917643,0.0,0.0,0.015689489966107528,0.0,0.0,0.0,0.0,0.0,0.0,0.0,0.0,0.0
5.911658286428706,9.032215429243651,3.033393059740707,-0.6913272659915468,0.9851035260328709,3.8856164311612744,0.2184495296951981,-1.1755314450686767,-1.741730098071596,0.23586560184917643,0.013075666258968166,-0.021527029122003438,0.0,-0.0265979907410534,-0.01658209794190424,-0.015784420771378316,0.03597024743005384,-0.00012084339725793036,-0.030524204967415258,-0.02665866333782141,-0.012589219811845243,0.0361753442689674
5.319762288064642,8.935480368018197,3.3828846651815896,-0.4156540241297951,1.0385465485729422,2.553026804117481,0.6119342572866749,-0.29805067188891976,-0.9139459554431842,0.13808937560418444,0.0,0.0,0.025711334920713202,0.0,0.0,0.0,0.0,0.0,0.0,0.0,0.0,0.0
5.319762288064642,8.935480368018197,3.3828846651815896,-0.4156540241297951,1.0385465485729422,2.553026804117481,0.6119342572866749,-0.29805067188891976,-0.9139459554431842,0.13808937560418444,-0.003840592728345693,-0.02460178326497875,0.0,-0.03153669744464793,-0.016464949885698243,-0.022211077440189686,-0.007836169109917912,-0.006522611940789735,-0.018708761318968037,-0.038418626561532276,-0.02818757735585875,0.02877184572424074
-8.41670883156748,3.049695024470555,1.9443124709988433,-1.5869007935034112,-0.46349514566429734,0.6103382696050994,-0.3228843070526015,-0.03132043354009197,-0.7615000483695903,-0.8268374919996595,0.0,0.0,9.926213103672588e-05,0.0,0.0,0.0,0.0,0.0,0.0,0.0,0.0,0.0
-8.41670883156748,3.049695024470555,1.9443124709988433,-1.5869007935034112,-0.46349514566429734,0.6103382696050994,-0.3228843070526015,-0.03132043354009197,-0.7615000483695903,-0.8268374919996595,-0.030165806590453426,-0.0607776950875486,0.0,-0.07081526684961903,-0.03590175404729978,-0.04006082229010344,-0.02327441097291638,-0.031489300333999104,-0.06858850071090195,-0.030416257954276493,-0.03354359678705854,-0.026560276549790984
-7.4014224715022054,1.9205492074922208,-1.6340345298916046,-5.107689359724047,-2.4897925937641836,3.645853035518993,-0.14290484745969934,-1.6880960903401128,-1.5162393427457588,-0.42195901168884387,0.0,0.0,-0.029522567391070287,0.0,0.0,0.0,0.0,0.0,0.0,0.0,0.0,0.0
-7.4014224715022054,1.9205492074922208,-1.6340345298916046,-5.107689359724047,-2.4897925937641836,3.645853035518993,-0.14290484745969934,-1.6880960903401128,-1.5162393427457588,-0.42195901168884387,0.026002582836401,0.010292303568128824,0.0,0.01500247089529605,0.027405998638711848,0.015044902341066368,0.035270229266776365,0.00037662199514088,0.020219515184449532,0.014223067364259379,0.024361617019425852,0.023080661327991248
-6.901952313984979,2.525155947498896,-0.3775015846714889,-3.4874563149238504,-1.4568438945773017,1.482438528500354,-0.3328742231772139,-1.1625992108495697,-1.5275232608774023,-1.9968607721739007,0.0,0.0,0.002041638293015957,0.0,0.0,0.0,0.0,0.0,0.0,0.0,0.0,0.0
-6.901952313984979,2.525155947498896,-0.3775015846714889,-3.4874563149238504,-1.4568438945773017,1.482438528500354,-0.3328742231772139,-1.1625992108495697,-1.5275232608774023,-1.9968607721739007,-0.02449920332485145,-0.020562848276796886,0.0,0.033309790243383874,-0.014139797915883934,-0.017125832331245427,-0.03464994223848861,-0.009102119982923096,-0.0035895583687739485,0.007888176156235716,-0.009791886518293214,-0.050430046293585606
-6.166498774530531,3.4125367272531344,1.771546807654089,-2.2979942330183847,-0.5539799430811164,0.39487411657418997,0.04970418376794975,0.44221744965400245,-1.7557577191162277,-1.740663370732783,0.0,0.0,-0.0002602848810134839,0.0,0.0,0.0,0.0,0.0,0.0,0.0,0.0,0.0
-6.166498774530531,3.4125367272531344,1.771546807654089,-2.2979942330183847,-0.5539799430811164,0.39487411657418997,0.04970418376794975,0.44221744965400245,-1.7557577191162277,-1.740663370732783,0.008295587787480185,0.011416992735984177,0.0,0.015808861292353704,0.00580802547912751,0.011576612991583302,0.00823370301389259,-0.012632378396693733,-0.0034747738062113065,-0.00340880773114427,0.020492690233010258,0.007272052842610677
0.9869896336663421,6.11444197123674,2.2533105853652935,-1.5076749301564967,0.8900233680843225,0.4223198450588952,0.42860427312808,-0.3583678156624453,-1.6342601373437247,-1.1555684275036184,0.0,0.0,-0.02114836661060937,0.0,0.0,0.0,0.0,0.0,0.0,0.0,0.0,0.0
0.9869896336663421,6.11444197123674,2.2533105853652935,-1.5076749301564967,0.8900233680843225,0.4223198450588952,0.42860427312808,-0.3583678156624453,-1.6342601373437247,-1.1555684275036184,0.0036473526052833716,0.04277562584935013,0.0,0.05918441574586164,0.02722202374101168,0.03094416012859247,-0.014451770950666187,-0.007495434115792454,0.023412129891417832,0.035784773298404904,0.004984662449499133,0.013631709271178627
-5.784574960038062,4.193781126584961,2.7153056476972166,-1.9551342419703022,0.3455031015391092,0.45148529803841836,0.7786494637536135,-0.18742313285385936,-0.7316180669866589,-1.3985712155107126,0.0,0.0,0.016491016645525436,0.0,0.0,0.0,0.0,0.0,0.0,0.0,0.0,0.0
-5.784574960038062,4.193781126584961,2.7153056476972166,-1.9551342419703022,0.3455031015391092,0.45148529803841836,0.7786494637536135,-0.18742313285385936,-0.7316180669866589,-1.3985712155107126,0.030609899675605234,0.0167502684587979,0.0,-0.011154025482883911,0.017868016757065286,0.03461602374369943,0.049110652723555415,0.009114597817644121,0.008274356773438685,-0.0005080378019196585,0.0209027722385573,0.023755697083338356
-8.634445468772766,4.328962394100631,3.3040969141446017,-1.7588654067378313,0.12871555681090668,-0.9668571295290614,0.8003855677324707,0.6768474954755342,-1.753817719908867,-1.3234598079984596,0.0,0.0,0.031009391862119928,0.0,0.0,0.0,0.0,0.0,0.0,0.0,0.0,0.0
-8.634445468772766,4.328962394100631,3.3040969141446017,-1.7588654067378313,0.12871555681090668,-0.9668571295290614,0.8003855677324707,0.6768474954755342,-1.753817719908867,-1.3234598079984596,-0.00772468347027111,0.002353499085782307,0.0,-0.022125792859295945,0.021104407702717376,-0.01651721016322416,-0.039905771513826016,0.02877410449931772,0.0019310311195657182,-0.004448014140143508,0.022626375183676606,0.007691679466845791
-11.722514612558294,1.969622003509171,3.1858915659277245,-1.1171374006139603,-0.7236754962787406,-0.7165851058427166,0.9666654955340195,0.5169444316466777,-1.1488426589692524,-0.9269316520471707,0.0,0.0,0.01961947567524791,0.0,0.0,0.0,0.0,0.0,0.0,0.0,0.0,0.0
-11.722514612558294,1.969622003509171,3.1858915659277245,-1.1171374006139603,-0.7236754962787406,-0.7165851058427166,0.9666654955340195,0.5169444316466777,-1.1488426589692524,-0.9269316520471707,0.002115653981928478,-0.0006709488959141252,0.0,-0.017635375372491935,0.0065675504910420734,-0.01141167539323984,0.011457220526232659,-0.00326094671263899,0.014695330348098334,-0.00051036670473803,-0.0014932812880368296,-0.01337911240450207
0.526218238646642,7.36972600143248,3.613121342544885,-1.0219278788583963,0.19906946805324252,0.0894908280410272,0.39494208339121945,-0.4406792065967181,-1.275880871816686,-0.6213267168633754,0.0,0.0,0.0035163318335929006,0.0,0.0,0.0,0.0,0.0,0.0,0.0,0.0,0.0
0.526218238646642,7.36972600143248,3.613121342544885,-1.0219278788583963,0.19906946805324252,0.0894908280410272,0.39494208339121945,-0.4406792065967181,-1.275880871816686,-0.6213267168633754,0.005624197636231898,0.008726885931841233,0.0,0.012871142938835067,-0.007867997792590287,0.0010891042965039954,0.018438799932681826,0.024537509071108632,0.002611600825301874,0.014431560556239953,-0.004961899736147801,-0.012951878373553938
-5.651154411046394,4.363173443144393,3.2713694553216737,-1.055218281601161,0.4514135929898799,-0.09102662310678482,0.48751515492948144,-0.6394408222032582,-1.3066970733647765,-0.9644609357611321,0.0,0.0,0.02501452707357199,0.0,0.0,0.0,0.0,0.0,0.0,0.0,0.0,0.0
-5.651154411046394,4.363173443144393,3.2713694553216737,-1.055218281601161,0.4514135929898799,-0.09102662310678482,0.48751515492948144,-0.6394408222032582,-1.3066970733647765,-0.9644609357611321,0.0010659450851424612,-0.0049911545118376255,0.0,0.035113272476526625,-0.0059961990905677,-0.00021762875966302442,0.009407985270170505,-0.0023335291979459383,0.008288053520771221,0.010323535455723842,0.005669821741355996,-0.012373570564538916
-7.990475875729075,3.9872075667197957,3.0561186432384555,-0.32546194906141945,0.007010260136949278,-0.6977137789495096,0.5016695417657454,-0.22423708536977324,-1.1558543889867454,-1.0545503905328446,0.0,0.0,-0.021745328281883913,0.0,0.0,0.0,0.0,0.0,0.0,0.0,0.0,0.0
-7.990475875729075,3.9872075667197957,3.0561186432384555,-0.32546194906141945,0.007010260136949278,-0.6977137789495096,0.5016695417657454,-0.22423708536977324,-1.1558543889867454,-1.0545503905328446,-0.04149875885132848,-0.01894991068940255,0.0,-0.03499899855127431,-0.005059288454253852,-0.02415486961143576,-0.07795874083092658,0.009356045661246704,0.006340863608923719,-0.027663558310860537,0.0,-0.0528779829855025
-18.609951313042046,-1.1356535580243496,2.8539413342314655,-0.9898106681428697,-1.054560962085867,-0.9396956594843813,0.16818049768438795,0.16943070066805713,-0.47101338759475925,-1.5245908698743287,0.0,0.0,-0.009900884711905089,0.0,0.0,0.0,0.0,0.0,0.0,0.0,0.0,0.0
-18.609951313042046,-1.1356535580243496,2.8539413342314655,-0.9898106681428697,-1.054560962085867,-0.9396956594843813,0.16818049768438795,0.16943070066805713,-0.47101338759475925,-1.5245908698743287,-0.021092119420717426,-0.0048858589920282025,0.0,-0.0407319518049053,-0.03422643790239066,-0.013603122991056593,-0.03221155099698936,0.007317855180438482,-0.01446904370762181,-0.027553536148937297,0.013924782108542422,-0.03003326814174412
-20.320042814210844,-1.4760701356535255,2.409540978972542,-0.9630807215632631,-1.0160621412848774,-1.0413215912506433,0.24268768756283557,0.19173031601875995,-0.1576762985593736,-1.4636780169727253,0.0,0.0,-0.016764706015955366,0.0,0.0,0.0,0.0,0.0,0.0,0.0,0.0,0.0
-20.320042814210844,-1.4760701356535255,2.409540978972542,-0.9630807215632631,-1.0160621412848774,-1.0413215912506433,0.24268768756283557,0.19173031601875995,-0.1576762985593736,-1.4636780169727253,-0.03717427305851795,-0.030943120628939558,0.0,0.014192536155710034,-0.03969217142728243,-0.029540235512441226,-0.03602272898978243,-0.03947186987154239,-0.037177522374997274,0.01950455533750528,-0.03644408032564317,-0.06527539159909235
-9.845854017646877,3.3726977411153656,1.6205340992443333,-0.3548815794857345,-0.22847601346911495,-0.9263192873789644,-0.08914297024919125,-0.5441424300583471,-0.34760786477792627,-0.7264918781589161,0.0,0.0,-0.036992722759473295,0.0,0.0,0.0,0.0,0.0,0.0,0.0,0.0,0.0
-9.845854017646877,3.3726977411153656,1.6205340992443333,-0.3548815794857345,-0.22847601346911495,-0.9263192873789644,-0.08914297024919125,-0.5441424300583471,-0.34760786477792627,-0.7264918781589161,0.02551613996725277,0.02097330250504581,0.0,0.06870841005719996,0.046815609531536406,0.03245856436543826,0.027545014577500915,0.0003781070579458312,0.030988779710407366,0.024560525438074743,0.022109303631586474,0.021495265489395177
-8.315619451367402,3.207883978411099,1.8664968152865484,-0.3769725954641437,-0.45205191535112793,-1.0453593783600699,0.32732138790798565,-0.9735906690679755,-0.4763233994147409,-0.4009405116777333,0.0,0.0,0.0105610792745785,0.0,0.0,0.0,0.0,0.0,0.0,0.0,0.0,0.0
-8.315619451367402,3.207883978411099,1.8664968152865484,-0.3769725954641437,-0.45205191535112793,-1.0453593783600699,0.32732138790798565,-0.9735906690679755,-0.4763233994147409,-0.4009405116777333,0.0028115899488199148,-0.00011539547105554604,0.0,-0.0032198678965631444,0.010878358809670807,-0.000526667868839148,-0.0087637363764137,0.018271164140436724,-0.011689007174748856,-0.02334099023420888,-0.013876444813879285,0.033648398695888426
-23.452216281265763,-2.9669301895023414,2.4749291634632495,-1.3286589007873497,-1.3416881414742694,-1.2893338674151762,0.3060764816415965,0.2650709297390851,0.005400765921948105,-1.3372156900512608,0.0,0.0,-0.01905734189866548,0.0,0.0,0.0,0.0,0.0,0.0,0.0,0.0,0.0
-23.452216281265763,-2.9669301895023414,2.4749291634632495,-1.3286589007873497,-1.3416881414742694,-1.2893338674151762,0.3060764816415965,0.2650709297390851,0.005400765921948105,-1.3372156900512608,-0.050725678491776116,-0.03651866380153501,0.0,-0.05872178979820797,-0.04616939107796536,-0.05006702926997164,-0.07534969358732546,0.020349747340038693,-0.008417044049873423,0.02674264410781002,-0.008872457380865284,-0.058045730738672474
-25.626624666975026,-3.8745770067711103,2.497774676166079,-1.4535599631178746,-1.4799463202895828,-1.3859195542959013,0.2971224842548014,0.4773699425583611,0.034542849195670335,-1.4571190367215632,0.0,0.0,-0.08618999865542754,0.0,0.0,0.0,0.0,0.0,0.0,0.0,0.0,0.0
-25.626624666975026,-3.8745770067711103,2.497774676166079,-1.4535599631178746,-1.4799463202895828,-1.3859195542959013,0.2971224842548014,0.4773699425583611,0.034542849195670335,-1.4571190367215632,-0.022582371413412905,-0.058979337926603814,0.0,-0.11252022433533082,-0.03732434389545414,-0.018752475218407394,-0.0044051096162669445,-0.032553075480565186,-0.05977456042029139,-0.04460220905560752,-0.05757007794507185,-0.0163848666399542
-17.45304370401898,-0.649923928286462,2.233849221493958,-1.330390087030362,-0.9772287323002034,-1.4331596937166333,0.12103497726333803,0.007232689037582814,-0.3839834148171898,-0.9679452884707046,0.0,0.0,0.046314327047922266,0.0,0.0,0.0,0.0,0.0,0.0,0.0,0.0,0.0
-17.45304370401898,-0.649923928286462,2.233849221493958,-1.330390087030362,-0.9772287323002034,-1.4331596937166333,0.12103497726333803,0.007232689037582814,-0.3839834148171898,-0.9679452884707046,0.003488403753951097,0.032872779013867204,0.0,0.05871661819076124,0.01611852727836971,0.014657101230179048,-0.007768658789582994,0.03175801879608753,0.05393420715094188,0.03143243496013315,0.004448134150368821,-0.013304971307832036
-15.521300802902218,0.6329518899047675,1.995997985719385,-1.0951879407174716,-0.9975004268055685,-1.390013998171965,-0.08517598804401308,-0.054232631679514726,-0.01649058081463761,-0.3121191186343783,0.0,0.0,-0.011613848480073297,0.0,0.0,0.0,0.0,0.0,0.0,0.0,0.0,0.0
-15.521300802902218,0.6329518899047675,1.995997985719385,-1.0951879407174716,-0.9975004268055685,-1.390013998171965,-0.08517598804401308,-0.054232631679514726,-0.01649058081463761,-0.3121191186343783,0.03852523888513515,0.03083593718530797,0.0,0.012760772331111614,0.034297935490223974,0.029688755925831423,0.06517673974523563,-0.01001573964524094,0.0034610216552068973,0.008743755337163428,0.014023113896375117,0.0469795085132767
-9.732384265564866,2.9241369057927904,1.8716524712170413,-0.27482987008522763,-0.7110616769063641,-1.8235274378355428,0.12538856113107716,0.2957373240506974,0.2193764488155878,0.024672515479423576,0.0,0.0,0.04600368780583053,0.0,0.0,0.0,0.0,0.0,0.0,0.0,0.0,0.0
-9.732384265564866,2.9241369057927904,1.8716524712170413,-0.27482987008522763,-0.7110616769063641,-1.8235274378355428,0.12538856113107716,0.2957373240506974,0.2193764488155878,0.024672515479423576,0.02154772282972317,0.0033637620992630346,0.0,-0.021080699703127204,0.010362671125405898,0.02472479695412355,0.03709300210501931,0.0008635302795445554,0.020448370333025823,0.008667865449237588,-0.00545888018484697,0.021843331141208955
-7.331629409838951,3.6186071492684504,2.026111458418645,-0.7370805184038358,-0.20667356196356831,-1.7571503055662343,0.282239058651006,0.19386335450224176,0.1347536891130298,0.25702695652273444,0.0,0.0,0.03242899568290092,0.0,0.0,0.0,0.0,0.0,0.0,0.0,0.0,0.0
-7.331629409838951,3.6186071492684504,2.026111458418645,-0.7370805184038358,-0.20667356196356831,-1.7571503055662343,0.282239058651006,0.19386335450224176,0.1347536891130298,0.25702695652273444,0.011800164811390124,0.009818038549081809,0.0,0.010024659595626817,0.022769240450081885,0.028666497615042363,0.022623791156017647,0.0032050977084820964,-0.0014485448050660654,0.012258376447279451,-0.018296256937037847,0.015578458840596054
-9.347933713461476,3.1857161674710355,1.5249505649708182,-0.9801668944898884,-0.587533151143645,-1.5239587995551447,0.3821645852342588,0.20828303117002855,-0.13096606613171238,-0.3867518914715766,0.0,0.0,-0.0024635490217091993,0.0,0.0,0.0,0.0,0.0,0.0,0.0,0.0,0.0
-9.347933713461476,3.1857161674710355,1.5249505649708182,-0.9801668944898884,-0.587533151143645,-1.5239587995551447,0.3821645852342588,0.20828303117002855,-0.13096606613171238,-0.3867518914715766,0.04495101009869895,0.02169787758415187,0.0,0.04901374340380271,0.02847973562326689,0.04529415466570508,0.07610036717949664,-0.0029491216871241344,0.0031432246189304625,0.011110973840114946,-0.027433934342357524,0.07044283613720381
-7.50046793631483,3.3937711798658623,0.8660070949437544,-1.2146677913182977,-0.37671330847081347,-1.4549196517811915,-0.140852396699431,-0.022701275601851763,-0.4285274650248706,-0.6338710839593794,0.0,0.0,0.04733485858852915,0.0,0.0,0.0,0.0,0.0,0.0,0.0,0.0,0.0
-7.50046793631483,3.3937711798658623,0.8660070949437544,-1.2146677913182977,-0.37671330847081347,-1.4549196517811915,-0.140852396699431,-0.022701275601851763,-0.4285274650248706,-0.6338710839593794,-0.012481837637472237,-0.003481439586997759,0.0,-0.045321933483370436,-0.020475833790570497,-0.006119950907616856,-0.021795626361699516,0.001971992574400172,-0.0207279475547979,-0.010988876718364904,0.0006897818271536238,-0.014237367760763786
-3.084201130582819,4.851948076277007,-0.2788745663414169,-2.0676544865299733,-0.7154540634522849,-0.9229729930541383,-0.13929085343708614,-0.6886963784646359,-1.113758332368329,-0.5885631708304304,0.0,0.0,-0.015621945721210673,0.0,0.0,0.0,0.0,0.0,0.0,0.0,0.0,0.0
-3.084201130582819,4.851948076277007,-0.2788745663414169,-2.0676544865299733,-0.7154540634522849,-0.9229729930541383,-0.13929085343708614,-0.6886963784646359,-1.113758332368329,-0.5885631708304304,0.011936393996452521,0.00535706136608094,0.0,0.006484857482554673,0.012343264607473925,0.010191854047769011,0.009985229097354997,0.009963018914027844,0.026089088009573214,0.012359448145951468,0.013864441234737512,0.011337976219840895
0.5286174762789432,7.2010868009642115,-0.4348851068188728,-2.330000779692098,0.9168188867549757,-2.0036978201663054,-0.31633758476142887,-0.1922695473321566,-0.08641175404364085,0.13962064095962803,0.0,0.0,0.012077093284066365,0.0,0.0,0.0,0.0,0.0,0.0,0.0,0.0,0.0
0.5286174762789432,7.2010868009642115,-0.4348851068188728,-2.330000779692098,0.9168188867549757,-2.0036978201663054,-0.31633758476142887,-0.1922695473321566,-0.08641175404364085,0.13962064095962803,0.005084247929995289,0.01413174987021626,0.0,-0.004741101993322783,-0.003933143010753204,0.006936308141105352,0.019427414703201862,-0.008281604363226891,0.0016789926345155415,-0.003206173195043016,0.005666213646918106,-0.025678011954127222
-2.6475496015303324,5.997361990440979,0.6700893942141746,-2.687321776140765,1.4378323137172628,-2.216183345898414,-0.16739467380921727,0.5197552690719575,0.6306830415594695,0.48388216017798635,0.0,0.0,0.02278104931841818,0.0,0.0,0.0,0.0,0.0,0.0,0.0,0.0,0.0
-2.6475496015303324,5.997361990440979,0.6700893942141746,-2.687321776140765,1.4378323137172628,-2.216183345898414,-0.16739467380921727,0.5197552690719575,0.6306830415594695,0.48388216017798635,0.01804240207411434,0.009822897354451188,0.0,0.05765234849908785,0.006910045839219281,0.000974065793326595,0.02727315449118839,0.006508728666631658,0.011254863424139838,0.013113884284980726,0.02779658275425234,0.020339022547690933
-6.7297137462267935,2.9625567911763575,0.9762933372767435,-2.9952926049491246,0.2978025983591514,-1.7132131192279711,0.06455660349860072,0.7929577397234997,0.2994603786445612,-0.4316391424506562,0.0,0.0,-0.010895759025282281,0.0,0.0,0.0,0.0,0.0,0.0,0.0,0.0,0.0
-6.7297137462267935,2.9625567911763575,0.9762933372767435,-2.9952926049491246,0.2978025983591514,-1.7132131192279711,0.06455660349860072,0.7929577397234997,0.2994603786445612,-0.4316391424506562,-0.01045129740278783,-0.015835286738916432,0.0,0.017207466163609908,-0.01529397042946079,-0.011469456285641777,-0.003957630761990627,-0.018667640245591532,-0.009235222793970155,-0.016241353392830837,-0.0260944713746335,-0.015347913375834188
-4.077105170792901,5.212389877324839,0.4289946184398958,-3.127734592292662,0.22111451373142516,-2.1336729095622697,0.38591113290017565,0.7841755730672093,1.077417435731294,0.3066384716317261,0.0,0.0,0.002534552112036792,0.0,0.0,0.0,0.0,0.0,0.0,0.0,0.0,0.0
-4.077105170792901,5.212389877324839,0.4289946184398958,-3.127734592292662,0.22111451373142516,-2.1336729095622697,0.38591113290017565,0.7841755730672093,1.077417435731294,0.3066384716317261,0.02415295300428233,0.008849431495787652,0.0,-0.026453102033228593,0.03126238363032563,0.022009631328265167,0.03915406439063074,-0.003232690724293663,-0.020793339144195233,0.0075720725683230405,0.007355109258064818,0.021764933409219145
-5.766062643582583,4.348648994840908,0.08760714198635076,-3.344582591699348,0.1468181948296935,-1.4307576597608704,0.08158949488920063,0.30538135566318547,-0.20573194722256485,-0.5363014631497631,0.0,0.0,0.04706348032228003,0.0,0.0,0.0,0.0,0.0,0.0,0.0,0.0,0.0
-5.766062643582583,4.348648994840908,0.08760714198635076,-3.344582591699348,0.1468181948296935,-1.4307576597608704,0.08158949488920063,0.30538135566318547,-0.20573194722256485,-0.5363014631497631,0.02503590393030941,0.04620026626412388,0.0,0.023183364454382405,0.03055197427490408,0.031201149229544534,0.025155778339839285,0.03210362910970477,0.0294878743191056,0.015254581735914652,0.014355856768940578,0.031023422955238633
-0.8517242678049545,6.177493321433143,0.12832130790997598,-3.4761090446186835,0.45122428003589726,-1.767833361467146,0.6964950883125839,0.2062386431782422,-0.4632806940467452,0.08622172276854882,0.0,0.0,0.005778433602177113,0.0,0.0,0.0,0.0,0.0,0.0,0.0,0.0,0.0
-0.8517242678049545,6.177493321433143,0.12832130790997598,-3.4761090446186835,0.45122428003589726,-1.767833361467146,0.6964950883125839,0.2062386431782422,-0.4632806940467452,0.08622172276854882,0.0007676343374813932,0.00984991742473107,0.0,0.019533440480781428,-0.009024220383940351,0.008834207308465292,7.788939277486584e-05,-0.013020236332228707,-0.004545481589014688,0.008919934095910742,0.00605177013339131,0.0007232533856547096
-0.8204595737066387,6.9372797802237205,0.9785195541079109,-4.846414352488233,2.019578654977207,-2.7519479853433975,1.00609197622405,0.10262562305664107,1.0876432441486779,1.3462484262286452,0.0,0.0,-0.01878928059438667,0.0,0.0,0.0,0.0,0.0,0.0,0.0,0.0,0.0
-0.8204595737066387,6.9372797802237205,0.9785195541079109,-4.846414352488233,2.019578654977207,-2.7519479853433975,1.00609197622405,0.10262562305664107,1.0876432441486779,1.3462484262286452,0.003547242255537597,-0.024493291273749884,0.0,-0.023329162200511067,-0.0037943630810912676,0.00703195518054156,0.015876647101358943,0.0,0.0026435914293398977,-0.0024221409833189433,-0.026408485496054568,-0.005194860185240735
-4.5118596614101305,6.146716196277441,1.9316174584785422,-4.658619335624006,2.1157156404630433,-3.067887550342553,1.3291018582998493,0.26985269724226424,2.0360016448582594,3.3943886122037585,0.0,0.0,0.0016979460178510042,0.0,0.0,0.0,0.0,0.0,0.0,0.0,0.0,0.0
-4.5118596614101305,6.146716196277441,1.9316174584785422,-4.658619335624006,2.1157156404630433,-3.067887550342553,1.3291018582998493,0.26985269724226424,2.0360016448582594,3.3943886122037585,0.010158608153198356,0.01422070943725462,0.0,0.008885241365600427,0.010664609162908345,0.011001339326949688,0.0012641704848312951,0.003082266912514786,0.025647168137603593,0.0234308584920222,0.022905305460326764,0.011715532561858533
-9.357013133174267,4.601544950627219,2.9144516643325935,-3.776876393839656,2.5517401355991156,-2.913232606592995,1.504822986422289,0.6123283349208625,2.5166865178044904,3.972566507206191,0.0,0.0,0.01346644094693783,0.0,0.0,0.0,0.0,0.0,0.0,0.0,0.0,0.0
-9.357013133174267,4.601544950627219,2.9144516643325935,-3.776876393839656,2.5517401355991156,-2.913232606592995,1.504822986422289,0.6123283349208625,2.5166865178044904,3.972566507206191,-0.003688319177634236,-0.03899656723657696,0.0,-0.002516282611821463,-0.013190148530471735,-0.009513396743956903,0.005164566103039059,-0.019419829211717365,-0.03225050373107896,0.016251515989350374,-0.03926043314131089,-0.00614901445560434
-5.947659018571444,5.301405960742626,1.3705900618666476,-3.794152380296637,2.645250698003246,-2.8643960600550558,0.9399741986637464,1.7173461745936534,1.0290841703985423,1.760183052133836,0.0,0.0,-0.01393796732760555,0.0,0.0,0.0,0.0,0.0,0.0,0.0,0.0,0.0
-5.947659018571444,5.301405960742626,1.3705900618666476,-3.794152380296637,2.645250698003246,-2.8643960600550558,0.9399741986637464,1.7173461745936534,1.0290841703985423,1.760183052133836,0.0002688177003247194,0.0020517550625502867,0.0,-0.032335670881728285,-0.01909491339621394,-0.00855190217242896,0.0020934398910894547,0.03083471133016702,0.004346752664593501,0.010271957573888546,-0.010887048136958621,0.008851570143666665
-3.8112875802514354,5.862780034803939,1.319267317061426,-3.5502603532828862,1.518534080946469,-2.399205267489187,0.4708473394193439,1.3703019995752574,1.0819552609851968,1.2441935685927565,0.0,0.0,0.014229144420886852,0.0,0.0,0.0,0.0,0.0,0.0,0.0,0.0,0.0
-3.8112875802514354,5.862780034803939,1.319267317061426,-3.5502603532828862,1.518534080946469,-2.399205267489187,0.4708473394193439,1.3703019995752574,1.0819552609851968,1.2441935685927565,0.02008707236291829,0.024115489722656758,0.0,0.013864161907913841,0.031925316050266606,0.002786777831742304,0.016863519897565737,-0.004255844418380006,-0.01274342094137415,-0.007856669120627768,0.03836917106923399,0.027754112569783773
-5.122518106832715,4.182700166509196,1.4047198122269693,-3.1753576520383255,0.8441644010336798,-1.7055561492506541,0.0016785659172720811,1.317482210257985,0.07685199258510485,-0.2610149249787579,0.0,0.0,0.03577072101854828,0.0,0.0,0.0,0.0,0.0,0.0,0.0,0.0,0.0
-5.122518106832715,4.182700166509196,1.4047198122269693,-3.1753576520383255,0.8441644010336798,-1.7055561492506541,0.0016785659172720811,1.317482210257985,0.07685199258510485,-0.2610149249787579,-0.014574838672834267,0.003998677891013713,0.0,0.009583929972707184,-0.005847960842803035,-0.0029777100533803225,-0.0329436756032242,0.007082698492712813,0.015099814320946425,-0.003377290893092799,0.022991827679021526,-0.014634817348468276
-2.6014552918154217,5.655914065322343,2.0958821049809004,-3.3359861293572077,1.3221519064452756,-2.041016148880764,0.08464492517467662,1.0460456893920507,-0.25585770998910373,0.1565075948296311,0.0,0.0,-0.0015249271468863457,0.0,0.0,0.0,0.0,0.0,0.0,0.0,0.0,0.0
-2.6014552918154217,5.655914065322343,2.0958821049809004,-3.3359861293572077,1.3221519064452756,-2.041016148880764,0.08464492517467662,1.0460456893920507,-0.25585770998910373,0.1565075948296311,0.021036912462568003,0.019471175894742565,0.0,0.04075017924659918,0.02182156411792069,0.018184292942000635,0.02946972787181834,-0.026797511302870336,0.009596991434224433,-0.01110080604653807,-0.004451230238440629,0.035008657603038174
-3.126179130055753,5.5199395072710775,2.102968783542829,-3.539313120900123,1.9087862484779061,-1.6022758137585214,-0.62608760571474,0.4000997971263458,0.7278880895828836,0.5830439503356146,0.0,0.0,0.000718672222190353,0.0,0.0,0.0,0.0,0.0,0.0,0.0,0.0,0.0
-3.126179130055753,5.5199395072710775,2.102968783542829,-3.539313120900123,1.9087862484779061,-1.6022758137585214,-0.62608760571474,0.4000997971263458,0.7278880895828836,0.5830439503356146,0.00030819372463475325,-0.0090070640065113,0.0,-0.009121257331516253,0.003899828052387422,-0.012579735055245123,-0.014631964270993225,0.004734496557063039,-0.007604685628453622,-0.010634461419171681,0.007329763889553309,0.004313531078322663
-1.3622366279623443,6.845810287026982,2.0729405922401662,-1.909168004955666,2.88625220261312,-1.739725939263824,-1.7047890725687005,0.4794661465119786,0.3853443108724473,0.6143571151587977,0.0,0.0,0.0296256803520627,0.0,0.0,0.0,0.0,0.0,0.0,0.0,0.0,0.0
-1.3622366279623443,6.845810287026982,2.0729405922401662,-1.909168004955666,2.88625220261312,-1.739725939263824,-1.7047890725687005,0.4794661465119786,0.3853443108724473,0.6143571151587977,0.013110179543660117,0.014126145755971597,0.0,0.0005612737490534592,-0.0005549946642505743,0.008647323938115958,0.03205908001329272,-0.0006200270960579068,0.01867818592039039,0.016003839479729498,0.01666317001682316,0.009525342252162394
-1.2568917416341627,7.614497096445987,3.1146876489833826,-2.665747780130453,2.4905810807800624,-2.5331607869516803,-2.0171770381659773,0.4817151847054562,0.6166136254173703,0.7124879627841006,0.0,0.0,0.023192912003713984,0.0,0.0,0.0,0.0,0.0,0.0,0.0,0.0,0.0
-1.2568917416341627,7.614497096445987,3.1146876489833826,-2.665747780130453,2.4905810807800624,-2.5331607869516803,-2.0171770381659773,0.4817151847054562,0.6166136254173703,0.7124879627841006,0.007040403092830161,-0.018788435371998924,0.0,0.006507314754272464,0.0018508673479433746,-0.00032720712120215545,0.018667400377475607,-0.013028839298651285,-0.011283498657363555,-0.007758213783366608,-0.016103711236504115,0.012973951517196491
-3.2984225835649155,6.765955676890683,4.2514111927830545,-3.495112040256639,3.5791205058181355,-1.8313981856703587,-0.5490123646706645,0.7642731160269749,1.392729783902433,0.671182250580996,0.0,0.0,0.01755441349148268,0.0,0.0,0.0,0.0,0.0,0.0,0.0,0.0,0.0
-3.2984225835649155,6.765955676890683,4.2514111927830545,-3.495112040256639,3.5791205058181355,-1.8313981856703587,-0.5490123646706645,0.7642731160269749,1.392729783902433,0.671182250580996,-0.006357086514549137,-0.033564508224105394,0.0,0.016051737171390856,-0.012192886963472538,-0.010016398925580039,0.0068086796700863594,-0.02225310443287365,-0.014027484383033362,0.011965245617657105,-0.024296230137045183,-0.017714596044781983
-3.0078808909489627,6.534038404966972,4.115695164078355,-3.663642223611229,2.8428457501083817,-1.5680007696969647,-0.49952405946643264,0.613628227942035,0.7770015769738021,0.8958220335804159,0.0,0.0,-0.010384468406980485,0.0,0.0,0.0,0.0,0.0,0.0,0.0,0.0,0.0
-3.0078808909489627,6.534038404966972,4.115695164078355,-3.663642223611229,2.8428457501083817,-1.5680007696969647,-0.49952405946643264,0.613628227942035,0.7770015769738021,0.8958220335804159,0.019793832204944684,0.02636902117746276,0.0,-0.021451309876148406,0.001040281737284099,0.023919238625076167,0.030675472006761684,0.009063146909803033,0.018323517737599104,0.03584192212606485,0.07242854595005155,0.015249536214917203
-8.686225592984412,4.629315405015167,3.805993282491342,-4.383451961763663,2.787477410059809,-1.6367188483972526,0.26022837654031405,1.6000210850929004,-0.5795169612596272,0.8585066718135484,0.0,0.0,-0.011627973486104115,0.0,0.0,0.0,0.0,0.0,0.0,0.0,0.0,0.0
-8.686225592984412,4.629315405015167,3.805993282491342,-4.383451961763663,2.787477410059809,-1.6367188483972526,0.26022837654031405,1.6000210850929004,-0.5795169612596272,0.8585066718135484,0.002898960099142034,-0.011592925097214657,0.0,-0.007688861755960397,-0.0005623293306802335,-0.0059014073556792335,0.014117951144382745,0.0012830499072173929,-0.018611326811796003,0.03049267311250281,0.006983716718241828,-0.017460275188467267
-10.766653669304104,3.294873320102243,3.738873040141615,-4.25686822615512,1.8154239072008032,-1.3565784670747674,-0.25924673863559156,0.4437224569363657,0.5292985919726189,0.36979640934669444,0.0,0.0,-0.030844570275811778,0.0,0.0,0.0,0.0,0.0,0.0,0.0,0.0,0.0
-10.766653669304104,3.294873320102243,3.738873040141615,-4.25686822615512,1.8154239072008032,-1.3565784670747674,-0.25924673863559156,0.4437224569363657,0.5292985919726189,0.36979640934669444,-0.015674275403032234,-0.006992192324337676,0.0,-0.028258881801857427,-0.02925736220887376,-0.011024775655499086,-0.019607110027391683,0.008200878861278404,0.015560379660587209,0.014574320991510126,-0.01296892970409047,-0.011903823290502769
-1.8729355225407822,7.991162878974319,3.7269341021258975,-4.7162412079542095,3.2969838456678855,-1.5738799820719105,-0.8185443954860473,0.7515467961258969,0.6247005917314518,1.9580155517717381,0.0,0.0,0.018971634526259162,0.0,0.0,0.0,0.0,0.0,0.0,0.0,0.0,0.0
-1.8729355225407822,7.991162878974319,3.7269341021258975,-4.7162412079542095,3.2969838456678855,-1.5738799820719105,-0.8185443954860473,0.7515467961258969,0.6247005917314518,1.9580155517717381,0.016832132803102917,0.015105009998152674,0.0,0.043269259398473814,0.015069614161048683,0.020976137991743693,0.01609772787944186,0.008515476068178263,0.017476722031423808,-0.01697674978861774,0.0261381546490167,0.02560021050208028
-2.1522558519708825,9.283347979964336,4.271360098300233,-3.0386511287855162,2.5360234981611685,-1.8833771775759585,-0.7504806685433034,1.7238836025501951,0.780286617783889,2.3027647489980976,0.0,0.0,0.005307122335842296,0.0,0.0,0.0,0.0,0.0,0.0,0.0,0.0,0.0
-2.1522558519708825,9.283347979964336,4.271360098300233,-3.0386511287855162,2.5360234981611685,-1.8833771775759585,-0.7504806685433034,1.7238836025501951,0.780286617783889,2.3027647489980976,0.012013187906711353,-0.03591404276137444,0.0,-0.016634912837685367,-0.005900295196908156,-0.0005813609564035982,0.03908832153413733,-0.03591681393663326,-0.03811762545237696,-0.006753069536448941,-0.011914429073691668,-0.019381604085147552
-5.504461883816154,6.444542085740512,4.584172942421504,-3.3237545904236248,2.412067018558037,-1.4006238142464436,0.4434790384143724,1.417306646549668,0.7727974487156821,1.496640004789162,0.0,0.0,-0.006404200921578007,0.0,0.0,0.0,0.0,0.0,0.0,0.0,0.0,0.0
-5.504461883816154,6.444542085740512,4.584172942421504,-3.3237545904236248,2.412067018558037,-1.4006238142464436,0.4434790384143724,1.417306646549668,0.7727974487156821,1.496640004789162,-0.014003487815382631,-0.01589876394465839,0.0,0.008915302515390078,0.0034463263005957145,-0.013575652214193212,-0.03738479791922755,-0.011764712978642011,-0.003669322681351672,-0.014043722021981342,0.011365179794079694,0.0074439092139764185
-6.527156766612376,6.4505527111647485,4.493339146074662,-4.009069462461673,2.6212494779925932,-1.0076929679697464,0.18081453125578537,0.34456986294044983,0.7062686201439503,2.1934808581135763,0.0,0.0,-0.02351708847628531,0.0,0.0,0.0,0.0,0.0,0.0,0.0,0.0,0.0
-6.527156766612376,6.4505527111647485,4.493339146074662,-4.009069462461673,2.6212494779925932,-1.0076929679697464,0.18081453125578537,0.34456986294044983,0.7062686201439503,2.1934808581135763,0.0025808212107338857,0.032665013237232365,0.0,0.025036929257089557,0.010875738690695469,-0.0038665447053803925,-0.008887895320132566,0.02275136828651525,0.0024551925699061172,0.002487050774172994,0.046594478151924745,-0.014820209304317045
-8.630399065900047,5.080036334117991,4.557801543359742,-3.818971404987019,1.9744861839666437,-0.9216228880797221,0.571921616349474,0.7924243845422217,0.709952329175865,1.2841144974236411,0.0,0.0,-0.006957435292151426,0.0,0.0,0.0,0.0,0.0,0.0,0.0,0.0,0.0
-8.630399065900047,5.080036334117991,4.557801543359742,-3.818971404987019,1.9744861839666437,-0.9216228880797221,0.571921616349474,0.7924243845422217,0.709952329175865,1.2841144974236411,-0.029030913178159423,-0.03551440319487764,0.0,-0.017904516276508242,-0.03529627167365479,-0.027434180108325656,-0.05038553837051141,-0.0033626992624102847,-0.011266262849431441,-0.00744255541633243,-0.008642167166306058,-0.046724127932264325
-7.224200256691471,5.046745127226937,2.9297531865076323,-6.068249983913865,0.7595163961638706,1.4344077866743465,-0.21689812603656763,-0.9051264769181818,1.4843616714423926,3.3423387370240887,0.0,0.0,0.0051199168823055086,0.0,0.0,0.0,0.0,0.0,0.0,0.0,0.0,0.0
-7.224200256691471,5.046745127226937,2.9297531865076323,-6.068249983913865,0.7595163961638706,1.4344077866743465,-0.21689812603656763,-0.9051264769181818,1.4843616714423926,3.3423387370240887,0.0416072755013952,0.052450862755662575,0.0,0.004726454620441967,0.03600078073531132,0.03361968232806678,0.04273382369539225,0.024007337310703925,0.027248051148486274,0.022381299652690423,0.046229059862274324,0.06257910755239693
1.3164763963853354,10.005119345802218,5.838091827194664,-5.448591591777548,2.963708707086223,0.11966249344115391,-0.04624700642752935,-0.5834699144687285,2.127054655002232,4.48816413474443,0.0,0.0,0.031188550078018462,0.0,0.0,0.0,0.0,0.0,0.0,0.0,0.0,0.0
1.3164763963853354,10.005119345802218,5.838091827194664,-5.448591591777548,2.963708707086223,0.11966249344115391,-0.04624700642752935,-0.5834699144687285,2.127054655002232,4.48816413474443,0.006929705651653517,-0.004724895428894205,0.0,0.03293014563743557,0.013408876011671733,0.014463331636558996,0.02568892019446789,-0.005829498427670776,-0.01133352061967785,-0.028558716285062347,-0.02853178636993381,0.013361700228470053
-0.4774163884186141,9.261495435029781,5.754863432397295,-5.083712826234489,2.885783726720173,-0.6970017831415442,-0.42177216338823964,-0.9602634314694977,2.4739234327411164,3.9888833209194425,0.0,0.0,0.01507927416188548,0.0,0.0,0.0,0.0,0.0,0.0,0.0,0.0,0.0
-0.4774163884186141,9.261495435029781,5.754863432397295,-5.083712826234489,2.885783726720173,-0.6970017831415442,-0.42177216338823964,-0.9602634314694977,2.4739234327411164,3.9888833209194425,0.0069842513557680785,0.020006693602304892,0.0,-0.0032530702420040525,0.02254934937405717,0.01754730809576399,0.01673132012444789,0.004461530317348972,-0.004878142379904804,-0.015328262483020216,-0.0020792132246005846,0.0093222371134849
0.8859494717991787,10.188619217535292,5.185821304964503,-6.401167134207211,3.5337695172213106,-0.328324390713793,-0.3989151382301561,-1.2863615639767392,2.8069100868799235,4.028816624743497,0.0,0.0,-0.004951734054450485,0.0,0.0,0.0,0.0,0.0,0.0,0.0,0.0,0.0
0.8859494717991787,10.188619217535292,5.185821304964503,-6.401167134207211,3.5337695172213106,-0.328324390713793,-0.3989151382301561,-1.2863615639767392,2.8069100868799235,4.028816624743497,-0.01842798612269536,0.00110816563405014,0.0,-0.03981725226480093,-0.006014199779206364,-0.0202878939515867,-0.04345472712860854,0.00494921518277236,-0.00784311835103868,0.0032527653237910403,0.0021486998046365002,0.017973005284561694
-6.752655443662618,5.793185686475325,2.073278732540295,-8.57122610893915,1.0638656549192476,0.800308245346913,-0.5785088947767717,-2.4635571019144096,1.755185532273199,2.950401890390858,0.0,0.0,-0.0002574349782946683,0.0,0.0,0.0,0.0,0.0,0.0,0.0,0.0,0.0
-6.752655443662618,5.793185686475325,2.073278732540295,-8.57122610893915,1.0638656549192476,0.800308245346913,-0.5785088947767717,-2.4635571019144096,1.755185532273199,2.950401890390858,0.0205627190485973,0.014832897207305074,0.0,0.005438495776389107,0.021818857405398795,0.01921961494980029,0.033630078956656595,-0.013511823173042337,-0.000988104167061632,-0.008568779246237224,0.012279921842914154,0.002043536117301459
-4.9987130040870245,6.912120961099168,3.099725647229658,-8.78208738923651,2.391541031147081,-0.4508404753140463,-0.5701825874455371,-2.565128836994187,2.2495817181867808,2.5183307075548016,0.0,0.0,0.0124442086059815,0.0,0.0,0.0,0.0,0.0,0.0,0.0,0.0,0.0
-4.9987130040870245,6.912120961099168,3.099725647229658,-8.78208738923651,2.391541031147081,-0.4508404753140463,-0.5701825874455371,-2.565128836994187,2.2495817181867808,2.5183307075548016,-0.009335458204352776,-0.005582532250815508,0.0,0.01625246748075826,-0.013791073100531737,-0.011737888813192376,-0.014433540616099028,0.002345181082100911,0.00867906604083335,0.004667681844600313,-0.0021874234364913647,-0.024009723916984527
